date,VX1,VX2
2024-10-14,1644,1976
2024-10-15,1859,4553
2024-10-16,3561,780
2024-10-17,455,512
2024-10-18,4164,1323
2024-10-21,2272,419
2024-10-22,3837,953
2024-10-23,4647,567
2024-10-24,1469,465
2024-10-25,2884,726
2024-10-28,6928,1368
2024-10-29,1936,1601
2024-10-30,5303,1629
2024-10-31,4880,3121
2024-11-01,4266,1200
2024-11-04,3487,5369
2024-11-05,4390,1937
2024-11-06,4233,3242
2024-11-07,4508,8697
2024-11-08,6480,1733
2024-11-11,3485,700
2024-11-12,2357,908
2024-11-13,2414,2422
2024-11-14,937,1048
2024-11-15,3958,6792
2024-11-18,997,2798
2024-11-19,728,3174
2024-11-20,3964,1129
2024-11-21,1203,699
2024-11-22,1552,1325
2024-11-25,5976,658
2024-11-26,4402,1136
2024-11-27,10296,2232
2024-11-29,1893,851
2024-12-02,1269,683
2024-12-03,2033,1183
2024-12-04,1422,1481
2024-12-05,2935,2913
2024-12-06,2638,1578
2024-12-09,5605,2801
2024-12-10,2899,873
2024-12-11,2676,1516
2024-12-12,1947,2575
2024-12-13,1615,708
2024-12-16,1724,4013
2024-12-17,1541,5565
2024-12-18,8574,1814
2024-12-19,6656,1892
2024-12-20,2968,2469
2024-12-23,5570,3093
2024-12-24,4736,755
2024-12-26,5267,2129
2024-12-27,3020,1506
2024-12-30,3349,2221
2024-12-31,2746,1399
2025-01-02,2790,1626
2025-01-03,2982,3222
2025-01-06,5159,2342
2025-01-07,1531,3414
2025-01-08,4757,2193
2025-01-09,,
2025-01-10,3415,1542
2025-01-13,1374,2002
2025-01-14,1797,3784
2025-01-15,4045,5098
2025-01-16,2758,3292
2025-01-17,1255,3643
2025-01-21,3513,4189
2025-01-22,3081,1127
2025-01-23,1444,1375
2025-01-24,3858,1327
2025-01-27,6388,2974
2025-01-28,3168,2669
2025-01-29,4522,1749
2025-01-30,2608,1452
2025-01-31,1654,2391
2025-02-03,2178,2382
2025-02-04,1855,2334
2025-02-05,2972,782
2025-02-06,518,1836
2025-02-07,1284,1548
2025-02-10,4506,4950
2025-02-11,1307,948
2025-02-12,3386,425
2025-02-13,2888,2562
2025-02-14,1741,1767
2025-02-18,626,1845
2025-02-19,1868,947
2025-02-20,4479,2139
2025-02-21,5773,1629
2025-02-24,5628,2055
2025-02-25,5652,4238
2025-02-26,2232,670
2025-02-27,3083,876
2025-02-28,4684,2217
2025-03-03,2429,1970
2025-03-04,2957,3213
2025-03-05,2432,1205
2025-03-06,2180,1439
2025-03-07,1409,1203
2025-03-10,4232,5703
2025-03-11,2875,1946
2025-03-12,3011,1055
2025-03-13,1843,3177
2025-03-14,3134,5198
2025-03-17,851,1607
2025-03-18,1876,1731
2025-03-19,3680,1131
2025-03-20,3103,1536
2025-03-21,2931,1550
2025-03-24,9739,2867
2025-03-25,2474,1537
2025-03-26,2997,1893
2025-03-27,2950,1364
2025-03-28,3274,1732
2025-03-31,4439,2190
2025-04-01,1126,1607
2025-04-02,1597,1753
2025-04-03,4237,2508
2025-04-04,2774,1686
2025-04-07,2144,2258
2025-04-08,3638,6403
2025-04-09,3099,4143
2025-04-10,1971,6756
2025-04-11,2737,3906
2025-04-14,2735,3323
2025-04-15,869,1843
2025-04-16,4732,1825
2025-04-17,2492,1622
2025-04-21,2349,2537
2025-04-22,2881,2900
2025-04-23,941,415
2025-04-24,2782,1131
2025-04-25,4091,1684
2025-04-28,2549,459
2025-04-29,2877,1629
2025-04-30,3444,1582
2025-05-01,1400,519
2025-05-02,3119,1199
2025-05-05,2470,1102
2025-05-06,1899,1942
2025-05-07,1669,1252
2025-05-08,1558,1378
2025-05-09,1983,1183
2025-05-12,601,2511
2025-05-13,1389,1224
2025-05-14,546,1141
2025-05-15,2920,1528
2025-05-16,2917,1689
2025-05-19,859,2900
2025-05-20,2068,1528
2025-05-21,2590,2396
2025-05-22,4608,2108
2025-05-23,2860,2420
2025-05-27,2107,472
2025-05-28,1791,912
2025-05-29,967,1670
2025-05-30,3460,2645
2025-06-02,2127,1905
2025-06-03,3145,4151
2025-06-04,2498,1078
2025-06-05,3592,1799
2025-06-06,3265,1304
2025-06-09,1985,1749
2025-06-10,2169,1915
2025-06-11,1702,3266
2025-06-12,2786,3677
2025-06-13,1835,2877
2025-06-16,2591,1482
2025-06-17,843,3490
2025-06-18,3447,2722
2025-06-20,1835,1681
2025-06-23,2248,1402
2025-06-24,4302,1368
2025-06-25,685,738
2025-06-26,4261,1954
2025-06-27,2246,1316
2025-06-30,2668,1762
2025-07-01,3346,2883
2025-07-02,728,996
2025-07-03,3566,3052
2025-07-07,1485,2746
2025-07-08,5135,1842
2025-07-09,1811,884
2025-07-10,581,1600
2025-07-11,919,1607
2025-07-14,1419,765
2025-07-15,1731,944
2025-07-16,7168,3754
2025-07-17,3167,2666
2025-07-18,2404,1522
2025-07-21,2455,2768
2025-07-22,3332,1958
2025-07-23,5600,3350
2025-07-24,4105,2927
2025-07-25,2332,1520
2025-07-28,4696,4915
2025-07-29,2761,2404
2025-07-30,4817,1967
2025-07-31,2105,2006
2025-08-01,2837,4077
2025-08-04,5143,1525
2025-08-05,3451,1555
2025-08-06,2149,741
2025-08-07,2183,1205
2025-08-08,1183,960
2025-08-11,3019,4013
2025-08-12,2015,1686
2025-08-13,3050,7173
2025-08-14,2045,2335
2025-08-15,2367,806
2025-08-18,4198,367
2025-08-19,2224,1034
2025-08-20,3659,2472
2025-08-21,3010,613
2025-08-22,4107,3357
2025-08-25,5453,1895
2025-08-26,1932,703
2025-08-27,1206,218
2025-08-28,1896,1324
2025-08-29,5014,2146
2025-09-02,3542,3394
2025-09-03,3481,1272
2025-09-04,4180,3796
2025-09-05,2759,3341
2025-09-08,755,2500
2025-09-09,2866,2536
2025-09-10,2771,2336
2025-09-11,3021,1208
2025-09-12,1559,2397
2025-09-15,1471,1713
2025-09-16,3417,8094
2025-09-17,1967,2560
2025-09-18,1413,957
2025-09-19,1931,946
2025-09-22,4054,655
2025-09-23,3169,1672
2025-09-24,3978,3127
2025-09-25,3007,988
2025-09-26,3706,6122
2025-09-29,3046,1872
2025-09-30,2819,3626
2025-10-01,3069,1793
2025-10-02,2735,3851
2025-10-03,1943,1656
2025-10-06,4627,5095
2025-10-07,2246,3906
2025-10-08,3873,2984
2025-10-09,2950,5244
2025-10-10,2710,1821
2025-10-13,4819,2871
2025-10-14,2056,4128
2025-10-15,2749,2626
2025-10-16,5280,4437
2025-10-17,4914,3626
2025-10-20,2719,3948
2025-10-21,1857,3392
2025-10-22,8718,2252
2025-10-23,722,655
2025-10-24,8527,4253
2025-10-27,4239,4579
2025-10-28,2151,5183
2025-10-29,4486,6650
2025-10-30,2191,5068
2025-10-31,2833,1776
2025-11-03,1509,6237
2025-11-04,1809,4761
2025-11-05,4394,4036
2025-11-06,1751,1301
2025-11-07,1663,1056
2025-11-10,2453,6637
2025-11-11,1082,2864
2025-11-12,1354,2036
2025-11-13,2205,2921
2025-11-14,744,6701
2025-11-17,1453,5412
2025-11-18,2750,5214
2025-11-19,5845,1851
2025-11-20,5903,1867
2025-11-21,7180,2136
2025-11-24,6675,2516
2025-11-25,5966,3633
2025-11-26,3613,1044
2025-11-28,2029,1233
2025-12-01,2559,2587
2025-12-02,2238,918
2025-12-03,2912,2871
2025-12-04,2671,2415
2025-12-05,476,528
2025-12-08,882,3259
2025-12-09,765,2118
2025-12-10,1486,2006
2025-12-11,3061,439
2025-12-12,2239,2540
2025-12-15,3294,1755
2025-12-16,3494,2618
2025-12-17,3404,1841
2025-12-18,1665,1439
2025-12-19,3114,3104
2025-12-22,1396,3219
2025-12-23,1056,653
2025-12-24,410,598
2025-12-26,632,579
2025-12-29,1516,1850
2025-12-30,4797,2684
2025-12-31,923,752
2026-01-02,4198,1054
2026-01-05,2652,2513
2026-01-06,1536,615
2026-01-07,926,1690
2026-01-08,2450,4000
2026-01-09,955,670
2026-01-12,464,478
2026-01-13,961,560
2026-01-14,2713,6130
2026-01-15,1847,1517
2026-01-16,1042,3448
2026-01-20,2514,4094
2026-01-21,5474,817
2026-01-22,8054,2294
2026-01-23,1248,1223
2026-01-26,1867,1230
2026-01-27,1854,2338
2026-01-28,1695,703
2026-01-29,1106,1952
2026-01-30,2558,3526
2026-02-02,2746,553
2026-02-03,2261,1306
2026-02-04,2071,966
2026-02-05,2067,3031
2026-02-06,1917,5431
2026-02-09,4122,2331
2026-02-10,1660,1186
2026-02-11,2096,1296
2026-02-12,2026,5449
2026-02-13,2849,4179
2026-02-17,1022,1991
2026-02-18,1138,573
2026-02-19,2304,786
2026-02-20,2472,2174
2026-02-23,4140,903
2026-02-24,1594,356
2026-02-25,3656,5085
2026-02-26,2621,1206
2026-02-27,1623,1128
2026-03-02,2088,2409
2026-03-03,3312,1604
2026-03-04,3756,1773
2026-03-05,4762,2364
2026-03-06,4500,2400
2026-03-09,1839,2044
2026-03-10,5939,4148
2026-03-11,5350,4103
2026-03-12,2072,5273
2026-03-13,1632,5096
2026-03-16,1421,8456
2026-03-17,1622,3339
2026-03-18,3643,1347
2026-03-19,7222,1441
2026-03-20,5280,922
2026-03-23,2755,1528
2026-03-24,4014,1134
2026-03-25,3523,1636
2026-03-26,4149,2808
2026-03-27,3967,1596
2026-03-30,1765,4501
2026-03-31,4816,2714
2026-04-01,3983,3269
2026-04-02,2942,1709
2026-04-06,3171,1443
2026-04-07,2427,2368
2026-04-08,5827,3780
2026-04-09,3063,3242
2026-04-10,858,5451
2026-04-13,972,1789
2026-04-14,1446,3796
2026-04-15,2430,291
2026-04-16,2559,492
2026-04-17,1721,625
2026-04-20,1391,835
2026-04-21,9857,1305
2026-04-22,3694,1966
2026-04-23,3346,835
2026-04-24,2209,557
2026-04-27,3754,2562
2026-04-28,1848,405
2026-04-29,2422,2420
2026-04-30,3738,2741
2026-05-01,1251,691
2026-05-04,1315,581
2026-05-05,1485,648
2026-05-06,4432,1133
2026-05-07,4162,841
2026-05-08,777,745
2026-05-11,560,459
2026-05-12,1399,639
2026-05-13,2736,2205
2026-05-14,1191,1265
2026-05-15,826,3093
2026-05-18,2819,8828
2026-05-19,4026,1284
2026-05-20,1085,422
2026-05-21,733,1589
2026-05-22,553,303
2026-05-26,1350,2831
2026-05-27,3833,1747
2026-05-28,790,326
2026-05-29,2898,1121
2026-06-01,670,901
2026-06-02,2158,532
2026-06-03,1716,492
2026-06-04,3129,1320
2026-06-05,3363,5442
2026-06-08,2555,2234
2026-06-09,1998,1325
2026-06-10,2103,816
2026-06-11,2128,2777
2026-06-12,2180,4361
