DATE,OVX
09/18/2009,41.670000
09/21/2009,41.400000
09/22/2009,40.380000
09/23/2009,41.230000
09/24/2009,44.280000
09/25/2009,44.270000
09/28/2009,43.910000
09/29/2009,43.740000
09/30/2009,45.230000
10/01/2009,45.590000
10/02/2009,45.220000
10/05/2009,45.140000
10/06/2009,45.470000
10/07/2009,45.250000
10/08/2009,43.360000
10/09/2009,43.600000
10/12/2009,43.200000
10/13/2009,41.540000
10/14/2009,42.090000
10/15/2009,40.090000
10/16/2009,36.910000
10/19/2009,38.410000
10/20/2009,39.060000
10/21/2009,39.960000
10/22/2009,40.470000
10/23/2009,39.500000
10/26/2009,40.570000
10/27/2009,39.820000
10/28/2009,41.240000
10/29/2009,39.410000
10/30/2009,41.130000
11/02/2009,41.780000
11/03/2009,41.580000
11/04/2009,40.600000
11/05/2009,38.980000
11/06/2009,38.700000
11/09/2009,39.060000
11/10/2009,38.120000
11/11/2009,37.890000
11/12/2009,38.780000
11/13/2009,38.670000
11/16/2009,37.560000
11/17/2009,37.010000
11/18/2009,35.690000
11/19/2009,36.990000
11/20/2009,36.800000
11/23/2009,35.670000
11/24/2009,37.060000
11/25/2009,36.570000
11/27/2009,43.360000
11/30/2009,41.170000
12/01/2009,40.230000
12/02/2009,40.290000
12/03/2009,40.560000
12/04/2009,41.180000
12/07/2009,42.490000
12/08/2009,42.190000
12/09/2009,43.080000
12/10/2009,42.900000
12/11/2009,43.050000
12/14/2009,42.160000
12/15/2009,41.540000
12/16/2009,39.890000
12/17/2009,39.080000
12/18/2009,40.580000
12/21/2009,39.250000
12/22/2009,37.810000
12/23/2009,36.000000
12/24/2009,35.180000
12/28/2009,36.480000
12/29/2009,35.780000
12/30/2009,34.950000
12/31/2009,36.260000
01/04/2010,35.440000
01/05/2010,34.270000
01/06/2010,34.400000
01/07/2010,33.610000
01/08/2010,31.340000
01/11/2010,30.000000
01/12/2010,31.610000
01/13/2010,32.750000
01/14/2010,30.860000
01/15/2010,29.800000
01/19/2010,28.520000
01/20/2010,31.150000
01/21/2010,32.510000
01/22/2010,34.850000
01/25/2010,33.330000
01/26/2010,33.780000
01/27/2010,34.230000
01/28/2010,33.280000
01/29/2010,34.050000
02/01/2010,32.450000
02/02/2010,32.440000
02/03/2010,34.650000
02/04/2010,38.510000
02/05/2010,39.990000
02/08/2010,39.530000
02/09/2010,38.740000
02/10/2010,37.910000
02/11/2010,36.040000
02/12/2010,36.040000
02/16/2010,36.150000
02/17/2010,35.380000
02/18/2010,33.360000
02/19/2010,34.630000
02/22/2010,33.680000
02/23/2010,34.880000
02/24/2010,33.460000
02/25/2010,33.560000
02/26/2010,32.820000
03/01/2010,34.290000
03/02/2010,34.880000
03/03/2010,34.530000
03/04/2010,33.540000
03/05/2010,32.670000
03/08/2010,33.220000
03/09/2010,33.190000
03/10/2010,33.280000
03/11/2010,32.700000
03/12/2010,32.110000
03/15/2010,33.380000
03/16/2010,33.220000
03/17/2010,32.470000
03/18/2010,31.730000
03/19/2010,31.850000
03/22/2010,29.570000
03/23/2010,29.230000
03/24/2010,29.340000
03/25/2010,30.130000
03/26/2010,30.100000
03/29/2010,30.170000
03/30/2010,29.560000
03/31/2010,29.610000
04/01/2010,29.240000
04/05/2010,29.650000
04/06/2010,28.800000
04/07/2010,29.040000
04/08/2010,29.250000
04/09/2010,29.150000
04/12/2010,27.020000
04/13/2010,27.260000
04/14/2010,27.140000
04/15/2010,26.900000
04/16/2010,27.160000
04/19/2010,29.020000
04/20/2010,27.800000
04/21/2010,27.670000
04/22/2010,27.650000
04/23/2010,26.680000
04/26/2010,28.020000
04/27/2010,28.020000
04/28/2010,30.680000
04/29/2010,29.530000
04/30/2010,30.250000
05/03/2010,30.180000
05/04/2010,32.670000
05/05/2010,35.610000
05/06/2010,39.730000
05/07/2010,42.610000
05/10/2010,40.050000
05/11/2010,38.870000
05/12/2010,36.960000
05/13/2010,36.460000
05/14/2010,40.460000
05/17/2010,41.130000
05/18/2010,42.960000
05/19/2010,44.030000
05/20/2010,46.460000
05/21/2010,44.570000
05/24/2010,44.900000
05/25/2010,45.800000
05/26/2010,43.450000
05/27/2010,40.700000
05/28/2010,40.490000
06/01/2010,46.060000
06/02/2010,42.920000
06/03/2010,41.720000
06/04/2010,47.150000
06/07/2010,46.780000
06/08/2010,43.850000
06/09/2010,42.550000
06/10/2010,38.910000
06/11/2010,39.370000
06/14/2010,39.720000
06/15/2010,37.720000
06/16/2010,37.380000
06/17/2010,36.290000
06/18/2010,35.250000
06/21/2010,35.360000
06/22/2010,35.470000
06/23/2010,36.760000
06/24/2010,37.410000
06/25/2010,35.820000
06/28/2010,36.710000
06/29/2010,39.160000
06/30/2010,39.500000
07/01/2010,41.220000
07/02/2010,39.190000
07/06/2010,40.240000
07/07/2010,37.750000
07/08/2010,35.780000
07/09/2010,34.570000
07/12/2010,33.200000
07/13/2010,32.870000
07/14/2010,33.160000
07/15/2010,33.240000
07/16/2010,34.130000
07/19/2010,34.030000
07/20/2010,32.430000
07/21/2010,33.880000
07/22/2010,33.590000
07/23/2010,32.440000
07/26/2010,33.070000
07/27/2010,32.910000
07/28/2010,33.790000
07/29/2010,31.570000
07/30/2010,31.520000
08/02/2010,31.620000
08/03/2010,32.090000
08/04/2010,31.760000
08/05/2010,31.320000
08/06/2010,30.900000
08/09/2010,31.310000
08/10/2010,32.080000
08/11/2010,34.180000
08/12/2010,34.840000
08/13/2010,34.620000
08/16/2010,35.410000
08/17/2010,33.560000
08/18/2010,33.900000
08/19/2010,34.180000
08/20/2010,33.730000
08/23/2010,33.560000
08/24/2010,34.840000
08/25/2010,33.240000
08/26/2010,33.080000
08/27/2010,32.130000
08/30/2010,32.990000
08/31/2010,34.510000
09/01/2010,33.250000
09/02/2010,32.660000
09/03/2010,32.110000
09/07/2010,33.280000
09/08/2010,32.820000
09/09/2010,31.810000
09/10/2010,31.370000
09/13/2010,31.720000
09/14/2010,32.070000
09/15/2010,31.970000
09/16/2010,31.690000
09/17/2010,31.080000
09/20/2010,31.850000
09/21/2010,32.810000
09/22/2010,31.670000
09/23/2010,31.400000
09/24/2010,29.880000
09/27/2010,30.870000
09/28/2010,30.820000
09/29/2010,30.800000
09/30/2010,30.040000
10/01/2010,30.460000
10/04/2010,31.370000
10/05/2010,31.880000
10/06/2010,30.930000
10/07/2010,32.290000
10/08/2010,32.220000
10/11/2010,33.260000
10/12/2010,33.260000
10/13/2010,33.190000
10/14/2010,32.460000
10/15/2010,33.420000
10/18/2010,32.200000
10/19/2010,33.990000
10/20/2010,32.390000
10/21/2010,33.650000
10/22/2010,32.450000
10/25/2010,33.050000
10/26/2010,31.890000
10/27/2010,32.000000
10/28/2010,31.560000
10/29/2010,32.120000
11/01/2010,32.830000
11/02/2010,33.330000
11/03/2010,31.890000
11/04/2010,30.780000
11/05/2010,29.860000
11/08/2010,30.820000
11/09/2010,30.930000
11/10/2010,30.250000
11/11/2010,30.270000
11/12/2010,30.920000
11/15/2010,31.130000
11/16/2010,33.430000
11/17/2010,33.690000
11/18/2010,31.490000
11/19/2010,30.640000
11/22/2010,30.840000
11/23/2010,31.600000
11/24/2010,30.030000
11/26/2010,28.820000
11/29/2010,30.750000
11/30/2010,31.890000
12/01/2010,31.170000
12/02/2010,30.900000
12/03/2010,31.700000
12/06/2010,31.500000
12/07/2010,32.170000
12/08/2010,30.960000
12/09/2010,30.410000
12/10/2010,30.360000
12/13/2010,29.250000
12/14/2010,29.000000
12/15/2010,28.460000
12/16/2010,27.930000
12/17/2010,26.820000
12/20/2010,26.610000
12/21/2010,25.830000
12/22/2010,25.500000
12/23/2010,25.420000
12/27/2010,27.480000
12/28/2010,27.880000
12/29/2010,27.780000
12/30/2010,29.270000
12/31/2010,29.480000
01/03/2011,28.210000
01/04/2011,30.260000
01/05/2011,29.320000
01/06/2011,30.210000
01/07/2011,29.640000
01/10/2011,29.090000
01/11/2011,28.010000
01/12/2011,27.530000
01/13/2011,27.730000
01/14/2011,26.500000
01/18/2011,26.520000
01/19/2011,27.280000
01/20/2011,27.400000
01/21/2011,26.530000
01/24/2011,27.100000
01/25/2011,29.980000
01/26/2011,28.000000
01/27/2011,29.790000
01/28/2011,33.260000
01/31/2011,35.180000
02/01/2011,33.380000
02/02/2011,31.830000
02/03/2011,32.190000
02/04/2011,32.240000
02/07/2011,31.560000
02/08/2011,31.070000
02/09/2011,30.290000
02/10/2011,29.860000
02/11/2011,29.580000
02/14/2011,30.120000
02/15/2011,30.470000
02/16/2011,31.420000
02/17/2011,31.040000
02/18/2011,30.820000
02/22/2011,38.540000
02/23/2011,41.920000
02/24/2011,42.620000
02/25/2011,42.490000
02/28/2011,39.050000
03/01/2011,41.850000
03/02/2011,42.250000
03/03/2011,40.420000
03/04/2011,44.870000
03/07/2011,45.160000
03/08/2011,44.210000
03/09/2011,43.000000
03/10/2011,42.860000
03/11/2011,41.360000
03/14/2011,40.990000
03/15/2011,42.340000
03/16/2011,42.820000
03/17/2011,43.100000
03/18/2011,41.900000
03/21/2011,39.100000
03/22/2011,37.900000
03/23/2011,36.360000
03/24/2011,35.980000
03/25/2011,34.700000
03/28/2011,34.290000
03/29/2011,33.490000
03/30/2011,33.070000
03/31/2011,34.620000
04/01/2011,33.910000
04/04/2011,33.320000
04/05/2011,32.150000
04/06/2011,32.400000
04/07/2011,32.770000
04/08/2011,35.500000
04/11/2011,33.860000
04/12/2011,34.480000
04/13/2011,32.780000
04/14/2011,32.380000
04/15/2011,31.580000
04/18/2011,30.720000
04/19/2011,30.000000
04/20/2011,30.360000
04/21/2011,30.150000
04/25/2011,31.220000
04/26/2011,30.680000
04/27/2011,30.390000
04/28/2011,30.210000
04/29/2011,30.390000
05/02/2011,31.820000
05/03/2011,31.820000
05/04/2011,31.850000
05/05/2011,42.510000
05/06/2011,41.440000
05/09/2011,42.090000
05/10/2011,40.450000
05/11/2011,42.830000
05/12/2011,42.340000
05/13/2011,39.730000
05/16/2011,40.510000
05/17/2011,38.670000
05/18/2011,38.600000
05/19/2011,37.290000
05/20/2011,37.180000
05/23/2011,38.730000
05/24/2011,36.580000
05/25/2011,35.530000
05/26/2011,34.010000
05/27/2011,33.470000
05/31/2011,33.510000
06/01/2011,34.770000
06/02/2011,33.260000
06/03/2011,32.370000
06/06/2011,34.030000
06/07/2011,33.620000
06/08/2011,32.830000
06/09/2011,32.160000
06/10/2011,33.470000
06/13/2011,34.690000
06/14/2011,32.570000
06/15/2011,35.750000
06/16/2011,35.590000
06/17/2011,36.310000
06/20/2011,35.910000
06/21/2011,35.720000
06/22/2011,34.290000
06/23/2011,34.480000
06/24/2011,35.080000
06/27/2011,34.660000
06/28/2011,32.880000
06/29/2011,32.290000
06/30/2011,31.360000
07/01/2011,30.570000
07/05/2011,30.790000
07/06/2011,31.040000
07/07/2011,30.960000
07/08/2011,30.860000
07/11/2011,33.980000
07/12/2011,33.300000
07/13/2011,33.600000
07/14/2011,33.570000
07/15/2011,31.880000
07/18/2011,32.850000
07/19/2011,31.460000
07/20/2011,31.180000
07/21/2011,31.080000
07/22/2011,30.630000
07/25/2011,31.230000
07/26/2011,31.170000
07/27/2011,32.340000
07/28/2011,33.130000
07/29/2011,33.640000
08/01/2011,34.290000
08/02/2011,35.270000
08/03/2011,34.020000
08/04/2011,42.940000
08/05/2011,42.370000
08/08/2011,56.170000
08/09/2011,61.820000
08/10/2011,59.450000
08/11/2011,50.250000
08/12/2011,49.060000
08/15/2011,44.660000
08/16/2011,43.950000
08/17/2011,42.670000
08/18/2011,57.420000
08/19/2011,55.290000
08/22/2011,52.400000
08/23/2011,47.670000
08/24/2011,47.890000
08/25/2011,51.420000
08/26/2011,48.120000
08/29/2011,45.630000
08/30/2011,44.740000
08/31/2011,44.330000
09/01/2011,42.770000
09/02/2011,45.330000
09/06/2011,47.410000
09/07/2011,44.900000
09/08/2011,45.700000
09/09/2011,49.450000
09/12/2011,48.140000
09/13/2011,45.140000
09/14/2011,43.720000
09/15/2011,42.050000
09/16/2011,41.700000
09/19/2011,45.930000
09/20/2011,45.800000
09/21/2011,47.350000
09/22/2011,55.610000
09/23/2011,54.630000
09/26/2011,54.310000
09/27/2011,50.130000
09/28/2011,53.510000
09/29/2011,50.620000
09/30/2011,55.680000
10/03/2011,58.650000
10/04/2011,57.090000
10/05/2011,52.790000
10/06/2011,50.040000
10/07/2011,49.710000
10/10/2011,47.210000
10/11/2011,47.070000
10/12/2011,47.530000
10/13/2011,47.760000
10/14/2011,45.350000
10/17/2011,50.140000
10/18/2011,47.800000
10/19/2011,50.010000
10/20/2011,49.520000
10/21/2011,48.030000
10/24/2011,45.600000
10/25/2011,48.270000
10/26/2011,47.590000
10/27/2011,43.820000
10/28/2011,41.580000
10/31/2011,43.260000
11/01/2011,46.630000
11/02/2011,45.560000
11/03/2011,43.850000
11/04/2011,42.450000
11/07/2011,43.300000
11/08/2011,43.350000
11/09/2011,48.970000
11/10/2011,47.840000
11/11/2011,46.600000
11/14/2011,46.410000
11/15/2011,43.050000
11/16/2011,43.290000
11/17/2011,42.940000
11/18/2011,42.940000
11/21/2011,44.820000
11/22/2011,42.940000
11/23/2011,45.190000
11/25/2011,69.120000
11/28/2011,44.520000
11/29/2011,42.700000
11/30/2011,41.000000
12/01/2011,40.890000
12/02/2011,39.800000
12/05/2011,39.340000
12/06/2011,38.230000
12/07/2011,38.340000
12/08/2011,40.270000
12/09/2011,38.870000
12/12/2011,40.450000
12/13/2011,39.390000
12/14/2011,43.820000
12/15/2011,45.040000
12/16/2011,41.730000
12/19/2011,41.270000
12/20/2011,38.960000
12/21/2011,36.370000
12/22/2011,35.810000
12/23/2011,35.740000
12/27/2011,36.950000
12/28/2011,38.730000
12/29/2011,38.660000
12/30/2011,38.740000
01/03/2012,40.070000
01/04/2012,39.040000
01/05/2012,38.700000
01/06/2012,37.120000
01/09/2012,36.520000
01/10/2012,35.440000
01/11/2012,35.520000
01/12/2012,36.590000
01/13/2012,35.620000
01/17/2012,33.970000
01/18/2012,32.590000
01/19/2012,33.510000
01/20/2012,33.350000
01/23/2012,33.160000
01/24/2012,33.230000
01/25/2012,31.930000
01/26/2012,31.970000
01/27/2012,31.570000
01/30/2012,31.740000
01/31/2012,32.310000
02/01/2012,32.180000
02/02/2012,31.810000
02/03/2012,30.710000
02/06/2012,31.200000
02/07/2012,32.410000
02/08/2012,32.320000
02/09/2012,32.430000
02/10/2012,32.830000
02/13/2012,33.300000
02/14/2012,33.640000
02/15/2012,34.850000
02/16/2012,33.990000
02/17/2012,33.050000
02/21/2012,34.680000
02/22/2012,33.670000
02/23/2012,33.210000
02/24/2012,33.800000
02/27/2012,34.120000
02/28/2012,33.520000
02/29/2012,32.520000
03/01/2012,33.200000
03/02/2012,32.910000
03/05/2012,33.340000
03/06/2012,34.340000
03/07/2012,32.930000
03/08/2012,32.120000
03/09/2012,31.420000
03/12/2012,30.000000
03/13/2012,29.450000
03/14/2012,29.310000
03/15/2012,29.440000
03/16/2012,28.680000
03/19/2012,26.850000
03/20/2012,27.870000
03/21/2012,26.930000
03/22/2012,27.510000
03/23/2012,28.170000
03/26/2012,27.890000
03/27/2012,27.530000
03/28/2012,28.030000
03/29/2012,28.940000
03/30/2012,29.000000
04/02/2012,28.460000
04/03/2012,27.950000
04/04/2012,28.730000
04/05/2012,28.030000
04/09/2012,29.840000
04/10/2012,31.620000
04/11/2012,30.690000
04/12/2012,29.410000
04/13/2012,29.610000
04/16/2012,29.780000
04/17/2012,28.740000
04/18/2012,28.360000
04/19/2012,28.310000
04/20/2012,27.100000
04/23/2012,26.910000
04/24/2012,26.110000
04/25/2012,25.680000
04/26/2012,24.620000
04/27/2012,24.340000
04/30/2012,25.150000
05/01/2012,25.120000
05/02/2012,25.030000
05/03/2012,27.460000
05/04/2012,29.790000
05/07/2012,29.070000
05/08/2012,29.060000
05/09/2012,29.270000
05/10/2012,28.610000
05/11/2012,28.790000
05/14/2012,30.960000
05/15/2012,32.130000
05/16/2012,31.480000
05/17/2012,32.620000
05/18/2012,33.180000
05/21/2012,30.010000
05/22/2012,29.750000
05/23/2012,30.900000
05/24/2012,30.120000
05/25/2012,30.190000
05/29/2012,30.720000
05/30/2012,33.320000
05/31/2012,34.790000
06/01/2012,41.630000
06/04/2012,38.580000
06/05/2012,36.670000
06/06/2012,35.580000
06/07/2012,36.900000
06/08/2012,37.570000
06/11/2012,42.310000
06/12/2012,39.450000
06/13/2012,39.070000
06/14/2012,36.190000
06/15/2012,36.280000
06/18/2012,35.040000
06/19/2012,32.920000
06/20/2012,34.660000
06/21/2012,37.520000
06/22/2012,35.080000
06/25/2012,36.840000
06/26/2012,34.420000
06/27/2012,33.450000
06/28/2012,34.580000
06/29/2012,35.000000
07/02/2012,36.380000
07/03/2012,36.380000
07/05/2012,38.220000
07/06/2012,37.510000
07/09/2012,37.280000
07/10/2012,37.680000
07/11/2012,35.970000
07/12/2012,34.460000
07/13/2012,33.860000
07/16/2012,34.010000
07/17/2012,35.360000
07/18/2012,34.930000
07/19/2012,36.740000
07/20/2012,35.330000
07/23/2012,37.230000
07/24/2012,36.270000
07/25/2012,34.860000
07/26/2012,34.100000
07/27/2012,32.990000
07/30/2012,33.090000
07/31/2012,34.530000
08/01/2012,33.980000
08/02/2012,33.600000
08/03/2012,33.230000
08/06/2012,32.070000
08/07/2012,32.150000
08/08/2012,31.420000
08/09/2012,30.780000
08/10/2012,30.590000
08/13/2012,29.450000
08/14/2012,29.840000
08/15/2012,31.180000
08/16/2012,31.730000
08/17/2012,31.190000
08/20/2012,30.500000
08/21/2012,30.640000
08/22/2012,31.070000
08/23/2012,31.760000
08/24/2012,32.010000
08/27/2012,33.420000
08/28/2012,33.060000
08/29/2012,32.590000
08/30/2012,31.950000
08/31/2012,31.400000
09/04/2012,33.610000
09/05/2012,33.640000
09/06/2012,34.070000
09/07/2012,32.770000
09/10/2012,32.710000
09/11/2012,32.380000
09/12/2012,33.330000
09/13/2012,32.960000
09/14/2012,34.070000
09/17/2012,35.640000
09/18/2012,35.810000
09/19/2012,36.580000
09/20/2012,33.580000
09/21/2012,33.210000
09/24/2012,34.230000
09/25/2012,34.350000
09/26/2012,35.130000
09/27/2012,33.050000
09/28/2012,32.450000
10/01/2012,32.870000
10/02/2012,32.530000
10/03/2012,35.150000
10/04/2012,33.390000
10/05/2012,32.760000
10/08/2012,34.050000
10/09/2012,34.500000
10/10/2012,35.090000
10/11/2012,34.520000
10/12/2012,33.690000
10/15/2012,33.840000
10/16/2012,33.540000
10/17/2012,32.250000
10/18/2012,30.830000
10/19/2012,31.910000
10/22/2012,33.130000
10/23/2012,34.280000
10/24/2012,33.610000
10/25/2012,32.270000
10/26/2012,32.210000
10/31/2012,32.180000
11/01/2012,31.290000
11/02/2012,32.420000
11/05/2012,32.100000
11/06/2012,32.020000
11/07/2012,33.980000
11/08/2012,33.510000
11/09/2012,31.540000
11/12/2012,30.000000
11/13/2012,31.270000
11/14/2012,31.500000
11/15/2012,30.540000
11/16/2012,31.100000
11/19/2012,30.970000
11/20/2012,29.830000
11/21/2012,29.490000
11/23/2012,29.490000
11/26/2012,29.380000
11/27/2012,28.650000
11/28/2012,28.690000
11/29/2012,28.280000
11/30/2012,27.620000
12/03/2012,28.390000
12/04/2012,28.840000
12/05/2012,29.130000
12/06/2012,29.890000
12/07/2012,29.650000
12/10/2012,30.320000
12/11/2012,29.940000
12/12/2012,29.130000
12/13/2012,29.630000
12/14/2012,29.320000
12/17/2012,28.950000
12/18/2012,28.560000
12/19/2012,27.640000
12/20/2012,27.610000
12/21/2012,28.880000
12/24/2012,28.880000
12/26/2012,28.730000
12/27/2012,28.080000
12/28/2012,28.880000
12/31/2012,28.450000
01/02/2013,27.800000
01/03/2013,26.830000
01/04/2013,26.030000
01/07/2013,25.040000
01/08/2013,24.300000
01/09/2013,24.600000
01/10/2013,24.590000
01/11/2013,24.570000
01/14/2013,25.720000
01/15/2013,25.700000
01/16/2013,24.390000
01/17/2013,23.990000
01/18/2013,21.980000
01/22/2013,21.670000
01/23/2013,22.750000
01/24/2013,22.480000
01/25/2013,22.520000
01/28/2013,22.980000
01/29/2013,22.970000
01/30/2013,22.880000
01/31/2013,22.540000
02/01/2013,22.400000
02/04/2013,23.960000
02/05/2013,23.060000
02/06/2013,23.390000
02/07/2013,23.300000
02/08/2013,23.080000
02/11/2013,21.680000
02/12/2013,20.700000
02/13/2013,21.000000
02/14/2013,20.210000
02/15/2013,22.590000
02/19/2013,22.440000
02/20/2013,24.970000
02/21/2013,27.130000
02/22/2013,24.580000
02/25/2013,26.220000
02/26/2013,25.900000
02/27/2013,24.330000
02/28/2013,23.610000
03/01/2013,23.680000
03/04/2013,24.280000
03/05/2013,22.410000
03/06/2013,22.520000
03/07/2013,21.290000
03/08/2013,20.800000
03/11/2013,19.420000
03/12/2013,18.770000
03/13/2013,19.090000
03/14/2013,18.360000
03/15/2013,18.760000
03/18/2013,19.450000
03/19/2013,21.140000
03/20/2013,19.580000
03/21/2013,19.740000
03/22/2013,19.110000
03/25/2013,19.080000
03/26/2013,17.810000
03/27/2013,17.950000
03/28/2013,18.190000
04/01/2013,19.200000
04/02/2013,19.330000
04/03/2013,21.740000
04/04/2013,21.840000
04/05/2013,21.390000
04/08/2013,21.010000
04/09/2013,20.640000
04/10/2013,20.550000
04/11/2013,21.200000
04/12/2013,22.590000
04/15/2013,29.840000
04/16/2013,27.320000
04/17/2013,31.140000
04/18/2013,28.530000
04/19/2013,27.570000
04/22/2013,25.070000
04/23/2013,24.430000
04/24/2013,23.260000
04/25/2013,22.680000
04/26/2013,22.510000
04/29/2013,23.440000
04/30/2013,24.570000
05/01/2013,26.680000
05/02/2013,24.490000
05/03/2013,24.010000
05/06/2013,25.160000
05/07/2013,24.380000
05/08/2013,22.640000
05/09/2013,23.240000
05/10/2013,22.830000
05/13/2013,23.660000
05/14/2013,24.120000
05/15/2013,24.480000
05/16/2013,24.390000
05/17/2013,22.820000
05/20/2013,23.440000
05/21/2013,23.110000
05/22/2013,24.450000
05/23/2013,23.300000
05/24/2013,22.570000
05/28/2013,22.950000
05/29/2013,24.040000
05/30/2013,24.210000
05/31/2013,24.410000
06/03/2013,24.790000
06/04/2013,24.640000
06/05/2013,24.490000
06/06/2013,23.890000
06/07/2013,22.410000
06/10/2013,21.740000
06/11/2013,21.810000
06/12/2013,22.720000
06/13/2013,21.470000
06/14/2013,21.220000
06/17/2013,21.040000
06/18/2013,20.640000
06/19/2013,19.980000
06/20/2013,25.900000
06/21/2013,23.680000
06/24/2013,24.320000
06/25/2013,23.630000
06/26/2013,22.820000
06/27/2013,23.170000
06/28/2013,22.370000
07/01/2013,22.180000
07/02/2013,22.630000
07/03/2013,25.700000
07/05/2013,26.740000
07/08/2013,25.370000
07/09/2013,25.220000
07/10/2013,26.220000
07/11/2013,24.580000
07/12/2013,24.510000
07/15/2013,23.720000
07/16/2013,24.500000
07/17/2013,23.300000
07/18/2013,23.050000
07/19/2013,24.080000
07/22/2013,24.230000
07/23/2013,23.630000
07/24/2013,23.770000
07/25/2013,23.370000
07/26/2013,22.980000
07/29/2013,22.790000
07/30/2013,23.480000
07/31/2013,22.950000
08/01/2013,22.280000
08/02/2013,22.260000
08/05/2013,22.870000
08/06/2013,22.640000
08/07/2013,22.560000
08/08/2013,22.250000
08/09/2013,22.640000
08/12/2013,22.680000
08/13/2013,22.630000
08/14/2013,23.150000
08/15/2013,24.150000
08/16/2013,23.990000
08/19/2013,23.480000
08/20/2013,24.180000
08/21/2013,24.330000
08/22/2013,23.260000
08/23/2013,22.700000
08/26/2013,23.430000
08/27/2013,27.190000
08/28/2013,29.790000
08/29/2013,27.410000
08/30/2013,28.100000
09/03/2013,29.410000
09/04/2013,28.730000
09/05/2013,27.440000
09/06/2013,28.100000
09/09/2013,27.930000
09/10/2013,27.120000
09/11/2013,24.320000
09/12/2013,23.570000
09/13/2013,23.180000
09/16/2013,23.030000
09/17/2013,23.170000
09/18/2013,22.810000
09/19/2013,21.510000
09/20/2013,21.380000
09/23/2013,22.270000
09/24/2013,22.500000
09/25/2013,22.320000
09/26/2013,21.770000
09/27/2013,21.840000
09/30/2013,22.980000
10/01/2013,22.570000
10/02/2013,21.520000
10/03/2013,21.620000
10/04/2013,21.490000
10/07/2013,22.010000
10/08/2013,21.950000
10/09/2013,23.240000
10/10/2013,21.390000
10/11/2013,21.550000
10/14/2013,22.520000
10/15/2013,23.520000
10/16/2013,21.730000
10/17/2013,21.220000
10/18/2013,20.120000
10/21/2013,20.910000
10/22/2013,21.620000
10/23/2013,23.280000
10/24/2013,21.880000
10/25/2013,20.280000
10/28/2013,20.570000
10/29/2013,20.640000
10/30/2013,20.950000
10/31/2013,20.590000
11/01/2013,21.290000
11/04/2013,21.740000
11/05/2013,22.180000
11/06/2013,20.980000
11/07/2013,20.790000
11/08/2013,19.700000
11/11/2013,19.690000
11/12/2013,20.320000
11/13/2013,19.630000
11/14/2013,19.920000
11/15/2013,19.390000
11/18/2013,19.710000
11/19/2013,19.830000
11/20/2013,19.870000
11/21/2013,18.690000
11/22/2013,18.100000
11/25/2013,19.230000
11/26/2013,18.640000
11/27/2013,19.620000
11/29/2013,20.000000
12/02/2013,20.280000
12/03/2013,19.490000
12/04/2013,19.060000
12/05/2013,18.590000
12/06/2013,17.950000
12/09/2013,18.100000
12/10/2013,17.950000
12/11/2013,17.980000
12/12/2013,18.190000
12/13/2013,18.420000
12/16/2013,17.490000
12/17/2013,17.700000
12/18/2013,17.260000
12/19/2013,16.700000
12/20/2013,15.860000
12/23/2013,15.420000
12/24/2013,15.260000
12/26/2013,15.200000
12/27/2013,15.740000
12/30/2013,16.530000
12/31/2013,17.760000
01/02/2014,20.240000
01/03/2014,20.600000
01/06/2014,20.700000
01/07/2014,19.670000
01/08/2014,20.170000
01/09/2014,19.510000
01/10/2014,19.470000
01/13/2014,19.750000
01/14/2014,19.810000
01/15/2014,18.700000
01/16/2014,17.910000
01/17/2014,17.120000
01/21/2014,18.260000
01/22/2014,18.170000
01/23/2014,18.790000
01/24/2014,19.460000
01/27/2014,20.890000
01/28/2014,20.830000
01/29/2014,20.810000
01/30/2014,19.760000
01/31/2014,20.350000
02/03/2014,21.650000
02/04/2014,21.470000
02/05/2014,20.650000
02/06/2014,19.650000
02/07/2014,19.030000
02/10/2014,19.180000
02/11/2014,19.050000
02/12/2014,19.230000
02/13/2014,19.000000
02/14/2014,17.950000
02/18/2014,18.430000
02/19/2014,18.350000
02/20/2014,17.590000
02/21/2014,17.900000
02/24/2014,18.160000
02/25/2014,18.470000
02/26/2014,18.480000
02/27/2014,18.810000
02/28/2014,18.710000
03/03/2014,20.900000
03/04/2014,19.880000
03/05/2014,20.290000
03/06/2014,19.960000
03/07/2014,20.010000
03/10/2014,20.330000
03/11/2014,20.670000
03/12/2014,20.900000
03/13/2014,20.830000
03/14/2014,21.700000
03/17/2014,20.340000
03/18/2014,20.250000
03/19/2014,19.880000
03/20/2014,19.690000
03/21/2014,19.460000
03/24/2014,19.520000
03/25/2014,19.190000
03/26/2014,19.170000
03/27/2014,19.280000
03/28/2014,19.150000
03/31/2014,19.260000
04/01/2014,19.610000
04/02/2014,19.790000
04/03/2014,18.450000
04/04/2014,18.280000
04/07/2014,18.640000
04/08/2014,18.890000
04/09/2014,18.550000
04/10/2014,18.720000
04/11/2014,18.390000
04/14/2014,18.710000
04/15/2014,18.710000
04/16/2014,18.900000
04/17/2014,18.930000
04/21/2014,18.280000
04/22/2014,18.810000
04/23/2014,18.460000
04/24/2014,18.360000
04/25/2014,18.880000
04/28/2014,19.140000
04/29/2014,19.190000
04/30/2014,19.370000
05/01/2014,18.440000
05/02/2014,17.800000
05/05/2014,18.550000
05/06/2014,17.960000
05/07/2014,17.710000
05/08/2014,17.490000
05/09/2014,17.000000
05/12/2014,16.650000
05/13/2014,16.860000
05/14/2014,16.720000
05/15/2014,15.940000
05/16/2014,15.420000
05/19/2014,15.900000
05/20/2014,16.200000
05/21/2014,16.380000
05/22/2014,16.050000
05/23/2014,15.890000
05/27/2014,16.100000
05/28/2014,16.020000
05/29/2014,15.550000
05/30/2014,15.610000
06/02/2014,15.520000
06/03/2014,15.530000
06/04/2014,15.410000
06/05/2014,15.140000
06/06/2014,14.500000
06/09/2014,14.670000
06/10/2014,14.740000
06/11/2014,14.670000
06/12/2014,19.170000
06/13/2014,19.470000
06/16/2014,19.520000
06/17/2014,17.400000
06/18/2014,17.280000
06/19/2014,18.050000
06/20/2014,18.840000
06/23/2014,18.050000
06/24/2014,17.930000
06/25/2014,17.700000
06/26/2014,16.970000
06/27/2014,16.440000
06/30/2014,16.520000
07/01/2014,16.240000
07/02/2014,15.870000
07/03/2014,15.590000
07/07/2014,16.360000
07/08/2014,16.310000
07/09/2014,16.360000
07/10/2014,16.460000
07/11/2014,17.260000
07/14/2014,18.100000
07/15/2014,17.960000
07/16/2014,16.880000
07/17/2014,17.870000
07/18/2014,17.390000
07/21/2014,16.970000
07/22/2014,17.100000
07/23/2014,16.730000
07/24/2014,15.950000
07/25/2014,16.670000
07/28/2014,16.370000
07/29/2014,16.790000
07/30/2014,17.110000
07/31/2014,18.780000
08/01/2014,19.390000
08/04/2014,18.920000
08/05/2014,19.100000
08/06/2014,18.810000
08/07/2014,18.850000
08/08/2014,18.880000
08/11/2014,17.540000
08/12/2014,17.550000
08/13/2014,17.190000
08/14/2014,17.860000
08/15/2014,18.590000
08/18/2014,19.520000
08/19/2014,19.380000
08/20/2014,17.960000
08/21/2014,17.250000
08/22/2014,16.510000
08/25/2014,16.920000
08/26/2014,16.680000
08/27/2014,16.470000
08/28/2014,16.520000
08/29/2014,16.680000
09/02/2014,18.340000
09/03/2014,18.490000
09/04/2014,18.950000
09/05/2014,18.520000
09/08/2014,20.430000
09/09/2014,19.680000
09/10/2014,20.490000
09/11/2014,20.630000
09/12/2014,19.530000
09/15/2014,20.170000
09/16/2014,18.930000
09/17/2014,19.180000
09/18/2014,18.980000
09/19/2014,18.560000
09/22/2014,19.980000
09/23/2014,20.730000
09/24/2014,19.800000
09/25/2014,20.070000
09/26/2014,19.420000
09/29/2014,19.860000
09/30/2014,21.520000
10/01/2014,22.380000
10/02/2014,23.360000
10/03/2014,24.220000
10/06/2014,24.620000
10/07/2014,25.090000
10/08/2014,25.280000
10/09/2014,27.720000
10/10/2014,30.030000
10/13/2014,31.320000
10/14/2014,37.230000
10/15/2014,36.360000
10/16/2014,34.090000
10/17/2014,31.160000
10/20/2014,29.360000
10/21/2014,27.140000
10/22/2014,30.680000
10/23/2014,31.780000
10/24/2014,31.270000
10/27/2014,32.440000
10/28/2014,30.110000
10/29/2014,28.930000
10/30/2014,30.450000
10/31/2014,30.520000
11/03/2014,31.840000
11/04/2014,33.130000
11/05/2014,31.390000
11/06/2014,30.340000
11/07/2014,29.470000
11/10/2014,30.720000
11/11/2014,30.790000
11/12/2014,30.710000
11/13/2014,33.120000
11/14/2014,32.990000
11/17/2014,34.390000
11/18/2014,33.170000
11/19/2014,33.140000
11/20/2014,33.640000
11/21/2014,34.920000
11/24/2014,36.280000
11/25/2014,37.490000
11/26/2014,36.020000
11/28/2014,36.440000
12/01/2014,37.490000
12/02/2014,38.570000
12/03/2014,36.160000
12/04/2014,35.390000
12/05/2014,34.200000
12/08/2014,39.680000
12/09/2014,37.560000
12/10/2014,42.210000
12/11/2014,44.950000
12/12/2014,49.770000
12/15/2014,57.550000
12/16/2014,55.770000
12/17/2014,56.750000
12/18/2014,57.450000
12/19/2014,54.840000
12/22/2014,54.820000
12/23/2014,53.970000
12/24/2014,54.880000
12/26/2014,54.680000
12/29/2014,53.630000
12/30/2014,51.170000
12/31/2014,50.240000
01/02/2015,54.250000
01/05/2015,57.670000
01/06/2015,56.450000
01/07/2015,53.250000
01/08/2015,50.960000
01/09/2015,50.070000
01/12/2015,53.130000
01/13/2015,53.780000
01/14/2015,53.170000
01/15/2015,57.770000
01/16/2015,56.440000
01/20/2015,57.990000
01/21/2015,55.090000
01/22/2015,56.400000
01/23/2015,57.620000
01/26/2015,56.650000
01/27/2015,54.230000
01/28/2015,55.180000
01/29/2015,54.690000
01/30/2015,58.620000
02/02/2015,57.840000
02/03/2015,59.680000
02/04/2015,62.730000
02/05/2015,63.140000
02/06/2015,60.830000
02/09/2015,56.000000
02/10/2015,59.290000
02/11/2015,60.230000
02/12/2015,58.690000
02/13/2015,55.530000
02/17/2015,56.330000
02/18/2015,55.970000
02/19/2015,55.750000
02/20/2015,54.000000
02/23/2015,58.670000
02/24/2015,56.270000
02/25/2015,54.930000
02/26/2015,56.460000
02/27/2015,55.850000
03/02/2015,54.920000
03/03/2015,53.050000
03/04/2015,48.920000
03/05/2015,47.090000
03/06/2015,48.960000
03/09/2015,48.990000
03/10/2015,50.920000
03/11/2015,49.170000
03/12/2015,49.590000
03/13/2015,54.560000
03/16/2015,56.930000
03/17/2015,59.850000
03/18/2015,53.650000
03/19/2015,53.820000
03/20/2015,50.840000
03/23/2015,49.320000
03/24/2015,47.940000
03/25/2015,47.030000
03/26/2015,49.580000
03/27/2015,52.840000
03/30/2015,51.980000
03/31/2015,53.720000
04/01/2015,50.900000
04/02/2015,49.840000
04/06/2015,48.330000
04/07/2015,46.250000
04/08/2015,48.100000
04/09/2015,46.650000
04/10/2015,43.040000
04/13/2015,44.200000
04/14/2015,44.650000
04/15/2015,46.140000
04/16/2015,43.480000
04/17/2015,42.000000
04/20/2015,42.060000
04/21/2015,41.040000
04/22/2015,39.010000
04/23/2015,37.980000
04/24/2015,36.610000
04/27/2015,37.460000
04/28/2015,37.310000
04/29/2015,36.680000
04/30/2015,36.280000
05/01/2015,35.620000
05/04/2015,36.200000
05/05/2015,36.240000
05/06/2015,36.880000
05/07/2015,38.130000
05/08/2015,35.090000
05/11/2015,34.860000
05/12/2015,33.740000
05/13/2015,34.330000
05/14/2015,32.630000
05/15/2015,29.950000
05/18/2015,30.630000
05/19/2015,34.820000
05/20/2015,33.700000
05/21/2015,31.610000
05/22/2015,31.290000
05/26/2015,34.660000
05/27/2015,35.290000
05/28/2015,34.200000
05/29/2015,33.740000
06/01/2015,35.300000
06/02/2015,35.740000
06/03/2015,37.400000
06/04/2015,38.420000
06/05/2015,33.540000
06/08/2015,34.040000
06/09/2015,33.010000
06/10/2015,31.790000
06/11/2015,31.760000
06/12/2015,31.510000
06/15/2015,32.550000
06/16/2015,32.390000
06/17/2015,32.830000
06/18/2015,31.590000
06/19/2015,30.400000
06/22/2015,30.060000
06/23/2015,29.690000
06/24/2015,29.600000
06/25/2015,29.260000
06/26/2015,29.010000
06/29/2015,33.640000
06/30/2015,32.430000
07/01/2015,34.110000
07/02/2015,33.800000
07/06/2015,40.010000
07/07/2015,40.540000
07/08/2015,42.200000
07/09/2015,42.040000
07/10/2015,41.220000
07/13/2015,38.080000
07/14/2015,36.310000
07/15/2015,37.250000
07/16/2015,35.920000
07/17/2015,34.680000
07/20/2015,36.390000
07/21/2015,34.970000
07/22/2015,37.660000
07/23/2015,38.460000
07/24/2015,39.000000
07/27/2015,41.150000
07/28/2015,39.940000
07/29/2015,38.590000
07/30/2015,37.330000
07/31/2015,38.820000
08/03/2015,40.910000
08/04/2015,40.120000
08/05/2015,40.180000
08/06/2015,41.540000
08/07/2015,41.170000
08/10/2015,40.990000
08/11/2015,42.160000
08/12/2015,42.400000
08/13/2015,43.230000
08/14/2015,40.920000
08/17/2015,40.350000
08/18/2015,39.480000
08/19/2015,41.290000
08/20/2015,42.580000
08/21/2015,44.660000
08/24/2015,50.110000
08/25/2015,49.000000
08/26/2015,46.870000
08/27/2015,49.030000
08/28/2015,51.560000
08/31/2015,54.370000
09/01/2015,57.510000
09/02/2015,53.750000
09/03/2015,50.440000
09/04/2015,49.290000
09/08/2015,50.140000
09/09/2015,49.500000
09/10/2015,50.050000
09/11/2015,49.630000
09/14/2015,49.810000
09/15/2015,51.140000
09/16/2015,50.240000
09/17/2015,45.340000
09/18/2015,45.840000
09/21/2015,47.510000
09/22/2015,48.900000
09/23/2015,51.120000
09/24/2015,49.440000
09/25/2015,47.710000
09/28/2015,49.460000
09/29/2015,49.320000
09/30/2015,45.520000
10/01/2015,44.610000
10/02/2015,42.860000
10/05/2015,43.030000
10/06/2015,44.140000
10/07/2015,43.260000
10/08/2015,43.280000
10/09/2015,42.800000
10/12/2015,44.900000
10/13/2015,45.370000
10/14/2015,42.700000
10/15/2015,41.990000
10/16/2015,39.580000
10/19/2015,40.740000
10/20/2015,41.720000
10/21/2015,41.770000
10/22/2015,40.220000
10/23/2015,41.510000
10/26/2015,42.990000
10/27/2015,44.770000
10/28/2015,44.290000
10/29/2015,43.630000
10/30/2015,41.950000
11/02/2015,41.880000
11/03/2015,41.270000
11/04/2015,41.540000
11/05/2015,39.290000
11/06/2015,39.850000
11/09/2015,41.340000
11/10/2015,39.340000
11/11/2015,41.920000
11/12/2015,43.930000
11/13/2015,46.260000
11/16/2015,47.440000
11/17/2015,46.630000
11/18/2015,43.530000
11/19/2015,43.750000
11/20/2015,44.930000
11/23/2015,45.840000
11/24/2015,47.170000
11/25/2015,48.460000
11/27/2015,48.280000
11/30/2015,48.140000
12/01/2015,49.280000
12/02/2015,51.960000
12/03/2015,50.650000
12/04/2015,45.440000
12/07/2015,49.000000
12/08/2015,50.340000
12/09/2015,51.530000
12/10/2015,51.230000
12/11/2015,54.290000
12/14/2015,55.360000
12/15/2015,50.030000
12/16/2015,47.640000
12/17/2015,47.450000
12/18/2015,49.430000
12/21/2015,49.180000
12/22/2015,48.840000
12/23/2015,47.390000
12/24/2015,44.810000
12/28/2015,47.000000
12/29/2015,45.270000
12/30/2015,46.010000
12/31/2015,46.570000
01/04/2016,49.790000
01/05/2016,49.680000
01/06/2016,52.360000
01/07/2016,56.150000
01/08/2016,56.100000
01/11/2016,62.980000
01/12/2016,65.270000
01/13/2016,60.670000
01/14/2016,57.560000
01/15/2016,62.090000
01/19/2016,64.040000
01/20/2016,67.930000
01/21/2016,65.790000
01/22/2016,61.860000
01/25/2016,65.740000
01/26/2016,65.890000
01/27/2016,65.620000
01/28/2016,65.990000
01/29/2016,61.860000
02/01/2016,66.630000
02/02/2016,68.590000
02/03/2016,67.710000
02/04/2016,66.780000
02/05/2016,66.670000
02/08/2016,68.380000
02/09/2016,72.290000
02/10/2016,72.500000
02/11/2016,77.790000
02/12/2016,78.970000
02/16/2016,71.530000
02/17/2016,69.470000
02/18/2016,67.490000
02/19/2016,62.460000
02/22/2016,62.840000
02/23/2016,65.030000
02/24/2016,66.090000
02/25/2016,63.740000
02/26/2016,59.960000
02/29/2016,60.010000
03/01/2016,56.840000
03/02/2016,53.370000
03/03/2016,52.570000
03/04/2016,51.890000
03/07/2016,52.800000
03/08/2016,54.040000
03/09/2016,51.740000
03/10/2016,51.980000
03/11/2016,50.250000
03/14/2016,50.170000
03/15/2016,48.980000
03/16/2016,43.980000
03/17/2016,46.220000
03/18/2016,44.980000
03/21/2016,45.090000
03/22/2016,44.120000
03/23/2016,44.580000
03/24/2016,44.960000
03/28/2016,45.980000
03/29/2016,46.630000
03/30/2016,46.380000
03/31/2016,45.910000
04/01/2016,47.760000
04/04/2016,50.890000
04/05/2016,50.160000
04/06/2016,46.160000
04/07/2016,46.500000
04/08/2016,47.420000
04/11/2016,49.040000
04/12/2016,48.780000
04/13/2016,48.790000
04/14/2016,46.370000
04/15/2016,51.270000
04/18/2016,46.450000
04/19/2016,43.930000
04/20/2016,43.670000
04/21/2016,43.760000
04/22/2016,41.970000
04/25/2016,44.240000
04/26/2016,43.510000
04/27/2016,43.640000
04/28/2016,42.840000
04/29/2016,42.520000
05/02/2016,45.150000
05/03/2016,45.780000
05/04/2016,44.760000
05/05/2016,44.820000
05/06/2016,42.470000
05/09/2016,44.140000
05/10/2016,42.280000
05/11/2016,42.020000
05/12/2016,41.500000
05/13/2016,41.570000
05/16/2016,42.030000
05/17/2016,42.750000
05/18/2016,42.870000
05/19/2016,42.400000
05/20/2016,40.170000
05/23/2016,39.440000
05/24/2016,38.020000
05/25/2016,35.940000
05/26/2016,36.560000
05/27/2016,35.970000
05/31/2016,38.080000
06/01/2016,40.000000
06/02/2016,36.640000
06/03/2016,34.810000
06/06/2016,35.610000
06/07/2016,36.190000
06/08/2016,35.170000
06/09/2016,35.900000
06/10/2016,39.950000
06/13/2016,42.720000
06/14/2016,43.070000
06/15/2016,42.580000
06/16/2016,44.490000
06/17/2016,41.350000
06/20/2016,38.990000
06/21/2016,40.370000
06/22/2016,43.250000
06/23/2016,40.100000
06/24/2016,43.330000
06/27/2016,42.850000
06/28/2016,40.180000
06/29/2016,38.290000
06/30/2016,38.090000
07/01/2016,36.180000
07/05/2016,40.080000
07/06/2016,41.430000
07/07/2016,43.240000
07/08/2016,41.410000
07/11/2016,42.510000
07/12/2016,39.670000
07/13/2016,43.100000
07/14/2016,38.300000
07/15/2016,36.660000
07/18/2016,38.150000
07/19/2016,37.200000
07/20/2016,37.020000
07/21/2016,38.130000
07/22/2016,38.850000
07/25/2016,40.970000
07/26/2016,41.270000
07/27/2016,41.600000
07/28/2016,42.930000
07/29/2016,41.080000
08/01/2016,44.220000
08/02/2016,45.700000
08/03/2016,44.640000
08/04/2016,43.100000
08/05/2016,41.500000
08/08/2016,41.140000
08/09/2016,39.760000
08/10/2016,39.320000
08/11/2016,39.290000
08/12/2016,37.780000
08/15/2016,37.280000
08/16/2016,37.450000
08/17/2016,35.120000
08/18/2016,36.750000
08/19/2016,34.880000
08/22/2016,36.410000
08/23/2016,37.530000
08/24/2016,37.460000
08/25/2016,36.760000
08/26/2016,36.050000
08/29/2016,36.720000
08/30/2016,38.030000
08/31/2016,39.500000
09/01/2016,41.220000
09/02/2016,38.640000
09/06/2016,39.850000
09/07/2016,38.630000
09/08/2016,38.210000
09/09/2016,39.720000
09/12/2016,39.160000
09/13/2016,41.100000
09/14/2016,42.470000
09/15/2016,40.900000
09/16/2016,39.860000
09/19/2016,39.660000
09/20/2016,40.990000
09/21/2016,39.850000
09/22/2016,41.570000
09/23/2016,43.890000
09/26/2016,44.900000
09/27/2016,43.880000
09/28/2016,45.240000
09/29/2016,42.050000
09/30/2016,39.310000
10/03/2016,38.040000
10/04/2016,37.660000
10/05/2016,36.650000
10/06/2016,35.920000
10/07/2016,36.600000
10/10/2016,36.570000
10/11/2016,38.080000
10/12/2016,39.050000
10/13/2016,37.220000
10/14/2016,35.550000
10/17/2016,34.880000
10/18/2016,36.370000
10/19/2016,32.720000
10/20/2016,32.480000
10/21/2016,32.510000
10/24/2016,32.790000
10/25/2016,33.930000
10/26/2016,35.390000
10/27/2016,35.860000
10/28/2016,37.760000
10/31/2016,40.960000
11/01/2016,40.080000
11/02/2016,40.860000
11/03/2016,41.490000
11/04/2016,43.690000
11/07/2016,44.200000
11/08/2016,43.560000
11/09/2016,41.250000
11/10/2016,42.440000
11/11/2016,45.310000
11/14/2016,50.170000
11/15/2016,49.430000
11/16/2016,50.090000
11/17/2016,47.370000
11/18/2016,46.560000
11/21/2016,45.710000
11/22/2016,46.690000
11/23/2016,47.540000
11/25/2016,53.460000
11/28/2016,52.560000
11/29/2016,55.090000
11/30/2016,44.250000
12/01/2016,40.450000
12/02/2016,35.510000
12/05/2016,37.000000
12/06/2016,37.110000
12/07/2016,36.050000
12/08/2016,35.030000
12/09/2016,35.210000
12/12/2016,30.300000
12/13/2016,31.350000
12/14/2016,33.970000
12/15/2016,33.580000
12/16/2016,29.180000
12/19/2016,29.230000
12/20/2016,27.430000
12/21/2016,28.390000
12/22/2016,30.290000
12/23/2016,29.900000
12/27/2016,30.000000
12/28/2016,29.910000
12/29/2016,30.010000
12/30/2016,30.830000
01/03/2017,32.880000
01/04/2017,32.360000
01/05/2017,31.560000
01/06/2017,30.470000
01/09/2017,33.730000
01/10/2017,33.610000
01/11/2017,32.950000
01/12/2017,32.370000
01/13/2017,30.730000
01/17/2017,31.250000
01/18/2017,31.240000
01/19/2017,30.880000
01/20/2017,29.190000
01/23/2017,30.790000
01/24/2017,29.590000
01/25/2017,30.410000
01/26/2017,29.590000
01/27/2017,29.780000
01/30/2017,30.940000
01/31/2017,31.330000
02/01/2017,30.650000
02/02/2017,29.390000
02/03/2017,28.110000
02/06/2017,29.370000
02/07/2017,29.610000
02/08/2017,29.090000
02/09/2017,28.250000
02/10/2017,26.430000
02/13/2017,26.990000
02/14/2017,27.490000
02/15/2017,27.750000
02/16/2017,27.370000
02/17/2017,25.290000
02/21/2017,25.790000
02/22/2017,27.090000
02/23/2017,25.790000
02/24/2017,25.720000
02/27/2017,25.010000
02/28/2017,25.460000
03/01/2017,24.670000
03/02/2017,25.940000
03/03/2017,25.590000
03/06/2017,26.960000
03/07/2017,26.460000
03/08/2017,31.740000
03/09/2017,31.980000
03/10/2017,33.450000
03/13/2017,32.390000
03/14/2017,33.190000
03/15/2017,30.080000
03/16/2017,28.630000
03/17/2017,27.450000
03/20/2017,28.110000
03/21/2017,30.570000
03/22/2017,30.050000
03/23/2017,29.790000
03/24/2017,30.990000
03/27/2017,30.780000
03/28/2017,29.920000
03/29/2017,28.540000
03/30/2017,27.820000
03/31/2017,27.590000
04/03/2017,26.890000
04/04/2017,27.970000
04/05/2017,27.730000
04/06/2017,26.790000
04/07/2017,27.460000
04/10/2017,26.710000
04/11/2017,27.270000
04/12/2017,26.920000
04/13/2017,26.020000
04/17/2017,25.800000
04/18/2017,26.880000
04/19/2017,29.810000
04/20/2017,27.960000
04/21/2017,30.060000
04/24/2017,29.880000
04/25/2017,29.390000
04/26/2017,29.320000
04/27/2017,29.880000
04/28/2017,28.550000
05/01/2017,29.420000
05/02/2017,32.230000
05/03/2017,32.800000
05/04/2017,34.670000
05/05/2017,33.830000
05/08/2017,33.850000
05/09/2017,34.210000
05/10/2017,34.020000
05/11/2017,33.720000
05/12/2017,33.720000
05/15/2017,33.100000
05/16/2017,33.440000
05/17/2017,33.900000
05/18/2017,32.800000
05/19/2017,29.760000
05/22/2017,30.590000
05/23/2017,31.770000
05/24/2017,30.940000
05/25/2017,33.030000
05/26/2017,30.040000
05/30/2017,30.300000
05/31/2017,32.290000
06/01/2017,31.190000
06/02/2017,32.470000
06/05/2017,33.710000
06/06/2017,32.120000
06/07/2017,34.230000
06/08/2017,33.840000
06/09/2017,32.590000
06/12/2017,33.950000
06/13/2017,32.340000
06/14/2017,32.020000
06/15/2017,31.900000
06/16/2017,27.930000
06/19/2017,30.340000
06/20/2017,32.490000
06/21/2017,33.320000
06/22/2017,32.650000
06/23/2017,31.920000
06/26/2017,31.770000
06/27/2017,32.280000
06/28/2017,30.800000
06/29/2017,30.460000
06/30/2017,28.700000
07/03/2017,30.260000
07/05/2017,32.610000
07/06/2017,32.820000
07/07/2017,33.170000
07/10/2017,33.230000
07/11/2017,33.610000
07/12/2017,32.480000
07/13/2017,31.760000
07/14/2017,30.280000
07/17/2017,30.610000
07/18/2017,29.960000
07/19/2017,29.550000
07/20/2017,29.250000
07/21/2017,29.250000
07/24/2017,29.240000
07/25/2017,29.180000
07/26/2017,29.440000
07/27/2017,29.810000
07/28/2017,29.860000
07/31/2017,30.840000
08/01/2017,30.540000
08/02/2017,30.430000
08/03/2017,29.650000
08/04/2017,28.530000
08/07/2017,28.730000
08/08/2017,29.440000
08/09/2017,29.060000
08/10/2017,29.270000
08/11/2017,28.410000
08/14/2017,29.160000
08/15/2017,29.310000
08/16/2017,29.180000
08/17/2017,29.310000
08/18/2017,27.530000
08/21/2017,28.770000
08/22/2017,27.970000
08/23/2017,27.800000
08/24/2017,28.370000
08/25/2017,28.880000
08/28/2017,30.390000
08/29/2017,30.490000
08/30/2017,29.780000
08/31/2017,29.100000
09/01/2017,28.970000
09/05/2017,29.580000
09/06/2017,30.070000
09/07/2017,29.730000
09/08/2017,29.490000
09/11/2017,27.730000
09/12/2017,27.590000
09/13/2017,26.620000
09/14/2017,26.090000
09/15/2017,26.650000
09/18/2017,27.530000
09/19/2017,25.760000
09/20/2017,26.990000
09/21/2017,26.300000
09/22/2017,26.390000
09/25/2017,26.930000
09/26/2017,27.800000
09/27/2017,27.290000
09/28/2017,27.180000
09/29/2017,26.830000
10/02/2017,27.720000
10/03/2017,27.950000
10/04/2017,27.040000
10/05/2017,26.450000
10/06/2017,27.590000
10/09/2017,27.320000
10/10/2017,26.540000
10/11/2017,26.430000
10/12/2017,25.850000
10/13/2017,25.730000
10/16/2017,26.320000
10/17/2017,25.870000
10/18/2017,26.410000
10/19/2017,26.300000
10/20/2017,24.510000
10/23/2017,25.080000
10/24/2017,25.600000
10/25/2017,25.440000
10/26/2017,25.220000
10/27/2017,25.180000
10/30/2017,25.330000
10/31/2017,25.310000
11/01/2017,25.650000
11/02/2017,25.650000
11/03/2017,24.820000
11/06/2017,26.850000
11/07/2017,28.750000
11/08/2017,27.990000
11/09/2017,28.370000
11/10/2017,29.400000
11/13/2017,30.220000
11/14/2017,30.080000
11/15/2017,29.840000
11/16/2017,28.420000
11/17/2017,26.960000
11/20/2017,27.180000
11/21/2017,26.640000
11/22/2017,26.830000
11/24/2017,26.880000
11/27/2017,28.360000
11/28/2017,28.130000
11/29/2017,28.020000
11/30/2017,25.950000
12/01/2017,23.730000
12/04/2017,23.680000
12/05/2017,23.130000
12/06/2017,23.130000
12/07/2017,23.130000
12/08/2017,23.850000
12/11/2017,22.960000
12/12/2017,22.840000
12/13/2017,23.490000
12/14/2017,23.000000
12/15/2017,21.250000
12/18/2017,18.430000
12/19/2017,18.880000
12/20/2017,19.460000
12/21/2017,17.860000
12/22/2017,19.260000
12/26/2017,20.990000
12/27/2017,20.640000
12/28/2017,20.710000
12/29/2017,21.320000
01/02/2018,22.730000
01/03/2018,22.750000
01/04/2018,22.120000
01/05/2018,22.300000
01/08/2018,21.900000
01/09/2018,22.960000
01/10/2018,23.520000
01/11/2018,23.520000
01/12/2018,23.520000
01/16/2018,26.410000
01/17/2018,24.780000
01/18/2018,24.380000
01/19/2018,21.200000
01/22/2018,22.030000
01/23/2018,22.340000
01/24/2018,23.930000
01/25/2018,22.350000
01/26/2018,22.290000
01/29/2018,22.730000
01/30/2018,22.900000
01/31/2018,22.230000
02/01/2018,22.240000
02/02/2018,23.800000
02/05/2018,25.910000
02/06/2018,26.590000
02/07/2018,26.790000
02/08/2018,29.500000
02/09/2018,29.850000
02/12/2018,29.420000
02/13/2018,30.390000
02/14/2018,27.730000
02/15/2018,27.570000
02/16/2018,26.970000
02/20/2018,27.580000
02/21/2018,26.930000
02/22/2018,24.980000
02/23/2018,24.370000
02/26/2018,24.360000
02/27/2018,25.290000
02/28/2018,26.920000
03/01/2018,26.980000
03/02/2018,26.150000
03/05/2018,26.300000
03/06/2018,25.550000
03/07/2018,26.940000
03/08/2018,26.160000
03/09/2018,26.230000
03/12/2018,24.020000
03/13/2018,25.500000
03/14/2018,25.210000
03/15/2018,25.070000
03/16/2018,24.530000
03/19/2018,25.280000
03/20/2018,25.300000
03/21/2018,25.950000
03/22/2018,26.470000
03/23/2018,27.560000
03/26/2018,27.710000
03/27/2018,27.380000
03/28/2018,26.670000
03/29/2018,25.070000
04/02/2018,27.530000
04/03/2018,26.890000
04/04/2018,26.170000
04/05/2018,24.380000
04/06/2018,24.990000
04/09/2018,25.640000
04/10/2018,28.050000
04/11/2018,29.420000
04/12/2018,28.730000
04/13/2018,28.520000
04/16/2018,28.840000
04/17/2018,27.880000
04/18/2018,29.420000
04/19/2018,29.360000
04/20/2018,28.990000
04/23/2018,28.970000
04/24/2018,29.150000
04/25/2018,28.160000
04/26/2018,26.860000
04/27/2018,25.590000
04/30/2018,28.280000
05/01/2018,28.070000
05/02/2018,27.320000
05/03/2018,26.690000
05/04/2018,26.170000
05/07/2018,28.860000
05/08/2018,26.760000
05/09/2018,26.710000
05/10/2018,26.610000
05/11/2018,25.740000
05/14/2018,25.930000
05/15/2018,26.610000
05/16/2018,25.730000
05/17/2018,25.110000
05/18/2018,25.230000
05/21/2018,25.790000
05/22/2018,25.890000
05/23/2018,26.040000
05/24/2018,25.370000
05/25/2018,27.760000
05/29/2018,29.040000
05/30/2018,27.900000
05/31/2018,27.610000
06/01/2018,28.650000
06/04/2018,29.490000
06/05/2018,29.300000
06/06/2018,29.140000
06/07/2018,28.050000
06/08/2018,27.590000
06/11/2018,26.860000
06/12/2018,26.580000
06/13/2018,27.080000
06/14/2018,26.690000
06/15/2018,27.640000
06/18/2018,27.580000
06/19/2018,28.010000
06/20/2018,28.060000
06/21/2018,27.780000
06/22/2018,25.520000
06/25/2018,26.100000
06/26/2018,25.670000
06/27/2018,27.690000
06/28/2018,27.350000
06/29/2018,27.180000
07/02/2018,28.650000
07/03/2018,28.580000
07/05/2018,28.770000
07/06/2018,28.130000
07/09/2018,28.120000
07/10/2018,26.900000
07/11/2018,28.560000
07/12/2018,27.810000
07/13/2018,27.540000
07/16/2018,29.010000
07/17/2018,28.000000
07/18/2018,27.240000
07/19/2018,26.840000
07/20/2018,26.010000
07/23/2018,26.150000
07/24/2018,25.650000
07/25/2018,25.340000
07/26/2018,24.880000
07/27/2018,24.970000
07/30/2018,25.830000
07/31/2018,26.520000
08/01/2018,26.450000
08/02/2018,25.730000
08/03/2018,25.610000
08/06/2018,25.420000
08/07/2018,25.220000
08/08/2018,26.410000
08/09/2018,25.400000
08/10/2018,25.450000
08/13/2018,25.310000
08/14/2018,26.180000
08/15/2018,27.260000
08/16/2018,26.330000
08/17/2018,25.710000
08/20/2018,25.260000
08/21/2018,25.080000
08/22/2018,24.720000
08/23/2018,24.350000
08/24/2018,23.310000
08/27/2018,23.680000
08/28/2018,24.500000
08/29/2018,24.320000
08/30/2018,24.890000
08/31/2018,25.020000
09/04/2018,26.700000
09/05/2018,26.620000
09/06/2018,26.160000
09/07/2018,26.070000
09/10/2018,26.130000
09/11/2018,27.140000
09/12/2018,26.940000
09/13/2018,26.700000
09/14/2018,26.400000
09/17/2018,26.490000
09/18/2018,26.800000
09/19/2018,26.350000
09/20/2018,26.070000
09/21/2018,26.150000
09/24/2018,26.970000
09/25/2018,26.830000
09/26/2018,26.530000
09/27/2018,26.450000
09/28/2018,26.730000
10/01/2018,27.950000
10/02/2018,27.680000
10/03/2018,28.040000
10/04/2018,28.900000
10/05/2018,28.840000
10/08/2018,28.860000
10/09/2018,27.900000
10/10/2018,28.810000
10/11/2018,29.290000
10/12/2018,27.730000
10/15/2018,28.590000
10/16/2018,28.590000
10/17/2018,28.130000
10/18/2018,28.530000
10/19/2018,27.420000
10/22/2018,27.760000
10/23/2018,29.380000
10/24/2018,29.800000
10/25/2018,28.500000
10/26/2018,29.090000
10/29/2018,29.460000
10/30/2018,29.900000
10/31/2018,30.120000
11/01/2018,31.540000
11/02/2018,32.210000
11/05/2018,32.680000
11/06/2018,34.150000
11/07/2018,33.050000
11/08/2018,32.230000
11/09/2018,35.100000
11/12/2018,40.140000
11/13/2018,55.710000
11/14/2018,47.070000
11/15/2018,43.870000
11/16/2018,40.560000
11/19/2018,43.450000
11/20/2018,56.560000
11/21/2018,51.790000
11/23/2018,65.170000
11/26/2018,57.870000
11/27/2018,54.640000
11/28/2018,53.990000
11/29/2018,53.960000
11/30/2018,56.040000
12/04/2018,49.840000
12/06/2018,50.130000
12/07/2018,41.830000
12/10/2018,45.060000
12/11/2018,41.460000
12/12/2018,39.900000
12/13/2018,39.250000
12/14/2018,42.380000
12/17/2018,46.590000
12/18/2018,53.350000
12/19/2018,50.860000
12/20/2018,52.890000
12/21/2018,51.760000
12/24/2018,56.730000
12/26/2018,54.070000
12/27/2018,57.160000
12/28/2018,53.110000
12/31/2018,51.870000
01/02/2019,54.720000
01/03/2019,53.570000
01/04/2019,51.520000
01/07/2019,50.420000
01/08/2019,46.080000
01/09/2019,44.360000
01/10/2019,42.990000
01/11/2019,40.990000
01/14/2019,40.810000
01/15/2019,39.750000
01/16/2019,38.770000
01/17/2019,37.030000
01/18/2019,35.630000
01/22/2019,38.260000
01/23/2019,37.690000
01/24/2019,36.750000
01/25/2019,35.210000
01/28/2019,37.610000
01/29/2019,37.130000
01/30/2019,35.590000
01/31/2019,34.970000
02/01/2019,33.400000
02/04/2019,33.700000
02/05/2019,34.570000
02/06/2019,33.020000
02/07/2019,34.340000
02/08/2019,32.560000
02/11/2019,33.340000
02/12/2019,32.690000
02/13/2019,32.260000
02/14/2019,32.100000
02/15/2019,29.460000
02/19/2019,31.000000
02/21/2019,30.160000
02/22/2019,29.850000
02/25/2019,32.690000
02/26/2019,31.570000
02/27/2019,31.010000
02/28/2019,30.270000
03/01/2019,30.310000
03/04/2019,30.200000
03/05/2019,30.210000
03/06/2019,29.690000
03/07/2019,30.430000
03/08/2019,29.770000
03/11/2019,29.180000
03/12/2019,28.560000
03/13/2019,28.130000
03/14/2019,27.220000
03/15/2019,26.270000
03/18/2019,26.480000
03/19/2019,28.440000
03/20/2019,27.210000
03/21/2019,27.140000
03/22/2019,27.780000
03/25/2019,29.320000
03/26/2019,27.920000
03/27/2019,28.110000
03/28/2019,28.520000
03/29/2019,26.750000
04/01/2019,26.230000
04/02/2019,26.280000
04/03/2019,25.570000
04/04/2019,25.220000
04/05/2019,24.000000
04/08/2019,24.330000
04/09/2019,24.660000
04/10/2019,24.680000
04/11/2019,25.700000
04/12/2019,25.700000
04/15/2019,25.510000
04/16/2019,25.570000
04/17/2019,25.190000
04/18/2019,24.450000
04/22/2019,26.070000
04/23/2019,26.560000
04/24/2019,25.280000
04/25/2019,25.570000
04/26/2019,31.240000
04/29/2019,29.040000
04/30/2019,29.310000
05/01/2019,29.410000
05/02/2019,30.490000
05/03/2019,29.880000
05/06/2019,30.910000
05/07/2019,34.070000
05/08/2019,32.230000
05/09/2019,32.480000
05/10/2019,32.800000
05/13/2019,34.600000
05/14/2019,32.130000
05/15/2019,29.260000
05/16/2019,29.420000
05/17/2019,29.440000
05/20/2019,27.630000
05/21/2019,26.930000
05/22/2019,28.190000
05/23/2019,33.790000
05/24/2019,33.190000
05/28/2019,34.360000
05/29/2019,36.430000
05/30/2019,39.620000
05/31/2019,46.910000
06/03/2019,46.780000
06/04/2019,43.460000
06/05/2019,45.190000
06/06/2019,40.660000
06/07/2019,38.750000
06/10/2019,39.120000
06/11/2019,38.690000
06/12/2019,43.060000
06/13/2019,41.560000
06/14/2019,42.890000
06/17/2019,46.150000
06/18/2019,43.430000
06/19/2019,40.790000
06/20/2019,41.660000
06/21/2019,42.130000
06/24/2019,41.000000
06/25/2019,40.260000
06/26/2019,38.450000
06/27/2019,37.840000
06/28/2019,39.460000
07/01/2019,35.920000
07/02/2019,37.770000
07/03/2019,36.720000
07/08/2019,34.000000
07/09/2019,30.300000
07/10/2019,30.760000
07/11/2019,29.860000
07/12/2019,30.390000
07/15/2019,30.830000
07/16/2019,32.060000
07/17/2019,34.940000
07/18/2019,33.070000
07/19/2019,34.840000
07/22/2019,33.630000
07/23/2019,32.250000
07/24/2019,32.860000
07/25/2019,31.950000
07/26/2019,32.290000
07/29/2019,31.630000
07/30/2019,30.070000
07/31/2019,30.770000
08/01/2019,36.430000
08/02/2019,35.560000
08/05/2019,37.040000
08/06/2019,36.430000
08/07/2019,38.100000
08/08/2019,35.980000
08/09/2019,35.140000
08/12/2019,34.430000
08/13/2019,33.190000
08/14/2019,35.830000
08/15/2019,36.200000
08/16/2019,35.020000
08/19/2019,32.990000
08/20/2019,32.340000
08/21/2019,32.390000
08/22/2019,32.390000
08/23/2019,35.200000
08/26/2019,35.420000
08/27/2019,33.730000
08/28/2019,32.720000
08/29/2019,31.820000
08/30/2019,32.160000
09/03/2019,35.730000
09/04/2019,34.560000
09/05/2019,33.500000
09/06/2019,33.210000
09/09/2019,33.280000
09/10/2019,33.550000
09/11/2019,34.940000
09/12/2019,35.580000
09/13/2019,35.480000
09/16/2019,48.580000
09/17/2019,44.890000
09/18/2019,40.440000
09/19/2019,41.150000
09/20/2019,38.990000
09/23/2019,39.060000
09/24/2019,38.740000
09/25/2019,38.370000
09/26/2019,37.520000
09/27/2019,38.900000
09/30/2019,38.750000
10/01/2019,38.880000
10/02/2019,39.620000
10/03/2019,40.400000
10/04/2019,39.310000
10/07/2019,39.420000
10/08/2019,39.490000
10/09/2019,38.000000
10/10/2019,39.520000
10/11/2019,39.650000
10/14/2019,40.210000
10/15/2019,39.470000
10/16/2019,39.470000
10/17/2019,37.710000
10/18/2019,36.430000
10/21/2019,36.660000
10/22/2019,35.520000
10/23/2019,35.660000
10/24/2019,35.950000
10/25/2019,34.640000
10/28/2019,35.640000
10/29/2019,35.700000
10/30/2019,34.360000
10/31/2019,35.840000
11/01/2019,34.370000
11/04/2019,35.630000
11/05/2019,33.770000
11/06/2019,33.220000
11/07/2019,31.450000
11/08/2019,31.450000
11/11/2019,34.220000
11/12/2019,33.740000
11/13/2019,35.150000
11/14/2019,33.940000
11/15/2019,32.420000
11/18/2019,33.680000
11/19/2019,32.940000
11/20/2019,32.200000
11/21/2019,31.590000
11/22/2019,32.380000
11/25/2019,31.900000
11/26/2019,31.250000
11/27/2019,30.820000
11/29/2019,36.730000
12/02/2019,34.970000
12/03/2019,35.050000
12/04/2019,32.210000
12/05/2019,30.410000
12/06/2019,30.020000
12/09/2019,30.020000
12/10/2019,27.940000
12/11/2019,27.810000
12/12/2019,27.440000
12/13/2019,26.760000
12/16/2019,26.510000
12/17/2019,26.330000
12/18/2019,26.770000
12/19/2019,24.800000
12/20/2019,25.540000
12/23/2019,25.110000
12/24/2019,25.460000
12/26/2019,24.080000
12/27/2019,25.160000
12/30/2019,25.860000
12/31/2019,28.300000
01/02/2020,28.750000
01/03/2020,31.920000
01/06/2020,32.320000
01/07/2020,31.800000
01/08/2020,32.600000
01/09/2020,33.220000
01/10/2020,30.380000
01/13/2020,34.250000
01/14/2020,33.620000
01/15/2020,33.380000
01/16/2020,29.790000
01/17/2020,28.600000
01/21/2020,27.660000
01/22/2020,30.700000
01/23/2020,31.950000
01/24/2020,34.550000
01/27/2020,37.720000
01/28/2020,36.420000
01/29/2020,35.730000
01/30/2020,37.490000
01/31/2020,40.350000
02/03/2020,41.810000
02/04/2020,39.440000
02/05/2020,37.880000
02/06/2020,36.440000
02/07/2020,37.510000
02/10/2020,39.010000
02/11/2020,37.520000
02/12/2020,35.580000
02/13/2020,35.840000
02/14/2020,35.930000
02/18/2020,33.470000
02/19/2020,32.270000
02/20/2020,33.160000
02/21/2020,35.870000
02/24/2020,39.530000
02/25/2020,42.500000
02/26/2020,43.400000
02/27/2020,49.420000
02/28/2020,51.250000
03/02/2020,48.330000
03/03/2020,50.800000
03/04/2020,50.590000
03/05/2020,52.580000
03/06/2020,65.020000
03/09/2020,115.920000
03/10/2020,92.930000
03/11/2020,105.250000
03/12/2020,123.450000
03/13/2020,118.480000
03/16/2020,128.500000
03/17/2020,133.320000
03/18/2020,166.790000
03/19/2020,164.060000
03/20/2020,190.080000
03/23/2020,185.680000
03/24/2020,170.860000
03/25/2020,144.030000
03/26/2020,150.060000
03/27/2020,175.880000
03/30/2020,174.220000
03/31/2020,170.550000
04/01/2020,158.980000
04/02/2020,162.650000
04/03/2020,141.680000
04/06/2020,144.190000
04/07/2020,139.130000
04/08/2020,141.460000
04/09/2020,129.880000
04/13/2020,114.440000
04/14/2020,115.480000
04/15/2020,120.380000
04/16/2020,115.100000
04/17/2020,95.910000
04/20/2020,226.130000
04/21/2020,325.150000
04/22/2020,236.800000
04/23/2020,211.000000
04/24/2020,173.530000
04/27/2020,185.470000
04/28/2020,198.770000
04/29/2020,195.590000
04/30/2020,104.980000
05/01/2020,110.180000
05/04/2020,97.420000
05/05/2020,97.270000
05/06/2020,115.390000
05/07/2020,110.620000
05/08/2020,98.700000
05/11/2020,109.720000
05/12/2020,86.860000
05/13/2020,82.830000
05/14/2020,80.050000
05/15/2020,76.390000
05/18/2020,76.140000
05/19/2020,73.220000
05/20/2020,73.620000
05/21/2020,89.060000
05/22/2020,84.980000
05/26/2020,75.470000
05/27/2020,73.890000
05/28/2020,72.980000
05/29/2020,69.230000
06/01/2020,64.380000
06/02/2020,64.710000
06/03/2020,65.730000
06/04/2020,65.130000
06/05/2020,64.200000
06/08/2020,67.240000
06/09/2020,67.760000
06/10/2020,63.060000
06/11/2020,69.960000
06/12/2020,70.220000
06/15/2020,68.110000
06/16/2020,66.630000
06/17/2020,61.450000
06/18/2020,61.350000
06/19/2020,58.730000
06/22/2020,56.760000
06/23/2020,58.830000
06/24/2020,64.960000
06/25/2020,62.690000
06/26/2020,63.690000
06/29/2020,60.040000
06/30/2020,57.660000
07/01/2020,53.430000
07/02/2020,51.290000
07/06/2020,50.730000
07/07/2020,51.390000
07/08/2020,48.850000
07/09/2020,53.770000
07/10/2020,49.710000
07/13/2020,53.410000
07/14/2020,53.040000
07/15/2020,47.050000
07/16/2020,46.120000
07/17/2020,40.220000
07/20/2020,42.590000
07/21/2020,41.100000
07/22/2020,41.300000
07/23/2020,43.830000
07/24/2020,42.350000
07/27/2020,41.370000
07/28/2020,41.090000
07/29/2020,39.580000
07/30/2020,42.060000
07/31/2020,44.430000
08/03/2020,41.560000
08/04/2020,40.280000
08/05/2020,37.120000
08/06/2020,37.590000
08/07/2020,37.430000
08/10/2020,35.740000
08/11/2020,37.500000
08/12/2020,34.740000
08/13/2020,34.870000
08/14/2020,35.100000
08/17/2020,32.430000
08/18/2020,31.700000
08/19/2020,32.850000
08/20/2020,32.830000
08/21/2020,33.680000
08/24/2020,32.250000
08/25/2020,33.030000
08/26/2020,33.790000
08/27/2020,33.740000
08/28/2020,32.060000
08/31/2020,32.590000
09/01/2020,31.740000
09/02/2020,35.490000
09/03/2020,41.280000
09/04/2020,44.020000
09/08/2020,55.900000
09/09/2020,49.420000
09/10/2020,52.160000
09/11/2020,50.130000
09/14/2020,49.410000
09/15/2020,45.190000
09/16/2020,41.130000
09/17/2020,38.730000
09/18/2020,39.070000
09/21/2020,42.890000
09/22/2020,41.280000
09/23/2020,44.640000
09/24/2020,42.880000
09/25/2020,41.410000
09/28/2020,40.640000
09/29/2020,46.130000
09/30/2020,44.000000
10/01/2020,49.350000
10/02/2020,55.510000
10/05/2020,49.440000
10/06/2020,46.600000
10/07/2020,45.500000
10/08/2020,41.150000
10/09/2020,42.380000
10/12/2020,44.040000
10/13/2020,46.070000
10/14/2020,43.530000
10/15/2020,43.830000
10/19/2020,43.350000
10/20/2020,43.850000
10/21/2020,47.580000
10/22/2020,46.610000
10/23/2020,46.320000
10/26/2020,53.050000
10/27/2020,50.220000
10/28/2020,59.610000
10/29/2020,63.380000
10/30/2020,68.840000
11/02/2020,66.730000
11/03/2020,63.630000
11/04/2020,54.530000
11/05/2020,53.690000
11/06/2020,55.750000
11/09/2020,52.200000
11/10/2020,49.640000
11/11/2020,49.240000
11/12/2020,50.900000
11/13/2020,48.240000
11/16/2020,46.890000
11/17/2020,45.080000
11/18/2020,46.060000
11/19/2020,46.340000
11/20/2020,43.940000
11/23/2020,42.790000
11/24/2020,42.840000
11/25/2020,43.560000
11/27/2020,46.210000
11/30/2020,47.370000
12/01/2020,47.810000
12/02/2020,45.680000
12/03/2020,40.950000
12/04/2020,38.340000
12/07/2020,37.680000
12/08/2020,37.700000
12/09/2020,39.520000
12/10/2020,39.700000
12/11/2020,39.510000
12/14/2020,39.960000
12/15/2020,39.340000
12/16/2020,38.680000
12/17/2020,36.860000
12/18/2020,37.150000
12/21/2020,41.560000
12/22/2020,42.060000
12/23/2020,39.890000
12/24/2020,39.410000
12/28/2020,39.670000
12/29/2020,38.640000
12/30/2020,38.010000
12/31/2020,37.830000
01/04/2021,42.120000
01/05/2021,40.390000
01/06/2021,39.310000
01/07/2021,36.060000
01/08/2021,36.650000
01/11/2021,35.310000
01/12/2021,33.850000
01/13/2021,36.790000
01/14/2021,37.950000
01/15/2021,40.390000
01/19/2021,35.370000
01/20/2021,35.670000
01/21/2021,35.050000
01/22/2021,36.250000
01/25/2021,38.020000
01/26/2021,37.130000
01/27/2021,40.210000
01/28/2021,40.450000
01/29/2021,40.200000
02/01/2021,39.160000
02/02/2021,38.620000
02/03/2021,37.110000
02/04/2021,35.370000
02/05/2021,34.940000
02/08/2021,34.480000
02/09/2021,33.540000
02/10/2021,33.770000
02/11/2021,34.330000
02/12/2021,34.250000
02/16/2021,35.130000
02/17/2021,36.900000
02/18/2021,37.900000
02/19/2021,37.760000
02/22/2021,38.570000
02/23/2021,39.750000
02/24/2021,39.580000
02/25/2021,40.580000
02/26/2021,42.490000
03/01/2021,42.560000
03/02/2021,40.960000
03/03/2021,39.830000
03/04/2021,37.270000
03/05/2021,36.610000
03/08/2021,38.890000
03/09/2021,37.970000
03/10/2021,37.560000
03/11/2021,37.860000
03/12/2021,37.510000
03/15/2021,39.380000
03/16/2021,39.100000
03/17/2021,37.400000
03/18/2021,48.440000
03/19/2021,44.380000
03/22/2021,40.280000
03/23/2021,48.620000
03/24/2021,64.910000
03/25/2021,49.880000
03/26/2021,44.930000
03/29/2021,44.160000
03/30/2021,41.460000
03/31/2021,45.650000
04/01/2021,40.150000
04/02/2021,40.150000
04/05/2021,42.000000
04/06/2021,42.410000
04/07/2021,41.270000
04/08/2021,40.700000
04/09/2021,39.190000
04/12/2021,37.040000
04/13/2021,35.200000
04/14/2021,35.700000
04/15/2021,34.200000
04/16/2021,32.790000
04/19/2021,35.070000
04/20/2021,35.680000
04/21/2021,42.440000
04/22/2021,39.390000
04/23/2021,38.700000
04/26/2021,41.230000
04/27/2021,38.440000
04/28/2021,36.420000
04/29/2021,36.370000
04/30/2021,38.390000
05/03/2021,40.150000
05/04/2021,37.150000
05/05/2021,38.330000
05/06/2021,37.740000
05/07/2021,37.630000
05/10/2021,37.990000
05/11/2021,37.930000
05/12/2021,36.940000
05/13/2021,37.940000
05/14/2021,36.460000
05/17/2021,36.420000
05/18/2021,37.010000
05/19/2021,38.820000
05/20/2021,39.430000
05/21/2021,39.340000
05/24/2021,35.540000
05/25/2021,36.230000
05/26/2021,33.890000
05/27/2021,33.630000
05/28/2021,33.540000
06/01/2021,33.430000
06/02/2021,32.770000
06/03/2021,33.890000
06/04/2021,31.760000
06/07/2021,31.700000
06/08/2021,31.950000
06/09/2021,31.790000
06/10/2021,33.030000
06/11/2021,32.550000
06/14/2021,33.130000
06/15/2021,31.560000
06/16/2021,33.830000
06/17/2021,36.840000
06/18/2021,33.950000
06/21/2021,35.010000
06/22/2021,34.280000
06/23/2021,34.680000
06/24/2021,32.050000
06/25/2021,31.300000
06/28/2021,31.860000
06/29/2021,31.990000
06/30/2021,32.740000
07/01/2021,32.470000
07/02/2021,32.870000
07/06/2021,37.590000
07/07/2021,42.010000
07/08/2021,38.800000
07/09/2021,37.020000
07/12/2021,38.730000
07/13/2021,35.400000
07/14/2021,38.200000
07/15/2021,38.040000
07/16/2021,37.150000
07/19/2021,46.360000
07/20/2021,52.260000
07/21/2021,42.910000
07/22/2021,36.440000
07/23/2021,34.050000
07/26/2021,35.590000
07/27/2021,35.140000
07/28/2021,34.620000
07/29/2021,33.360000
07/30/2021,32.850000
08/02/2021,36.230000
08/03/2021,37.550000
08/04/2021,42.270000
08/05/2021,39.090000
08/06/2021,39.310000
08/09/2021,43.280000
08/10/2021,39.280000
08/11/2021,38.320000
08/12/2021,36.500000
08/13/2021,35.910000
08/16/2021,38.840000
08/17/2021,39.500000
08/18/2021,40.860000
08/19/2021,40.980000
08/20/2021,40.670000
08/23/2021,38.670000
08/24/2021,36.790000
08/25/2021,35.600000
08/26/2021,36.330000
08/27/2021,34.930000
08/30/2021,35.270000
08/31/2021,34.280000
09/01/2021,36.130000
09/02/2021,31.350000
09/03/2021,36.910000
09/07/2021,32.910000
09/08/2021,31.910000
09/09/2021,33.870000
09/10/2021,33.540000
09/13/2021,32.740000
09/14/2021,33.630000
09/15/2021,32.380000
09/16/2021,33.160000
09/17/2021,32.320000
09/20/2021,35.230000
09/21/2021,34.450000
09/22/2021,32.430000
09/23/2021,32.300000
09/24/2021,34.010000
09/27/2021,34.980000
09/28/2021,36.100000
09/29/2021,35.260000
09/30/2021,38.680000
10/01/2021,37.380000
10/04/2021,37.270000
10/05/2021,37.200000
10/06/2021,41.020000
10/07/2021,46.150000
10/08/2021,38.000000
10/11/2021,38.510000
10/12/2021,37.100000
10/13/2021,36.050000
10/14/2021,36.980000
10/15/2021,34.050000
10/18/2021,35.020000
10/19/2021,35.140000
10/20/2021,35.160000
10/21/2021,36.550000
10/22/2021,36.870000
10/25/2021,36.070000
10/26/2021,35.500000
10/27/2021,37.630000
10/28/2021,37.230000
10/29/2021,37.920000
11/01/2021,36.740000
11/02/2021,35.560000
11/03/2021,39.440000
11/04/2021,38.560000
11/05/2021,37.840000
11/08/2021,37.710000
11/09/2021,36.330000
11/10/2021,37.090000
11/11/2021,36.200000
11/12/2021,36.100000
11/15/2021,36.420000
11/16/2021,34.690000
11/17/2021,33.750000
11/18/2021,37.680000
11/19/2021,37.130000
11/22/2021,36.610000
11/23/2021,35.100000
11/24/2021,34.790000
11/26/2021,65.720000
11/29/2021,63.340000
11/30/2021,75.230000
12/01/2021,78.180000
12/02/2021,57.270000
12/03/2021,64.550000
12/06/2021,56.210000
12/07/2021,48.150000
12/08/2021,45.220000
12/09/2021,47.430000
12/10/2021,46.230000
12/13/2021,45.880000
12/14/2021,54.760000
12/15/2021,56.530000
12/16/2021,49.970000
12/17/2021,48.310000
12/20/2021,60.240000
12/21/2021,52.310000
12/22/2021,46.000000
12/23/2021,43.710000
12/24/2021,43.710000
12/27/2021,43.580000
12/28/2021,41.230000
12/29/2021,40.240000
12/30/2021,40.200000
12/31/2021,42.620000
01/03/2022,37.570000
01/04/2022,39.480000
01/05/2022,44.490000
01/06/2022,36.860000
01/07/2022,37.000000
01/10/2022,37.650000
01/11/2022,34.310000
01/12/2022,34.390000
01/13/2022,37.110000
01/14/2022,41.180000
01/18/2022,42.280000
01/19/2022,42.750000
01/20/2022,41.150000
01/21/2022,42.570000
01/24/2022,47.840000
01/25/2022,47.630000
01/26/2022,45.670000
01/27/2022,46.900000
01/28/2022,47.740000
01/31/2022,42.350000
02/01/2022,41.310000
02/02/2022,41.860000
02/03/2022,42.150000
02/04/2022,43.880000
02/07/2022,43.340000
02/08/2022,41.260000
02/09/2022,39.400000
02/10/2022,43.810000
02/11/2022,47.440000
02/14/2022,48.830000
02/15/2022,48.360000
02/16/2022,49.380000
02/17/2022,53.140000
02/18/2022,52.010000
02/22/2022,50.110000
02/23/2022,50.510000
02/24/2022,49.040000
02/25/2022,49.500000
02/28/2022,52.500000
03/01/2022,61.430000
03/02/2022,61.530000
03/03/2022,64.370000
03/04/2022,77.290000
03/07/2022,78.910000
03/08/2022,75.820000
03/09/2022,73.250000
03/10/2022,67.340000
03/11/2022,68.010000
03/14/2022,65.420000
03/15/2022,63.620000
03/16/2022,59.350000
03/17/2022,67.780000
03/18/2022,69.090000
03/21/2022,70.780000
03/22/2022,69.560000
03/23/2022,72.590000
03/24/2022,69.140000
03/25/2022,68.910000
03/28/2022,67.040000
03/29/2022,62.460000
03/30/2022,61.040000
03/31/2022,57.660000
04/01/2022,54.360000
04/04/2022,54.310000
04/05/2022,53.800000
04/06/2022,53.150000
04/07/2022,54.230000
04/08/2022,53.140000
04/11/2022,54.810000
04/12/2022,55.250000
04/13/2022,51.200000
04/14/2022,53.380000
04/18/2022,50.940000
04/19/2022,50.340000
04/20/2022,52.230000
04/21/2022,49.860000
04/22/2022,51.150000
04/25/2022,52.860000
04/26/2022,53.570000
04/27/2022,53.380000
04/28/2022,51.940000
04/29/2022,53.100000
05/02/2022,54.150000
05/03/2022,54.040000
05/04/2022,53.150000
05/05/2022,54.720000
05/06/2022,54.820000
05/09/2022,57.900000
05/10/2022,56.060000
05/11/2022,53.430000
05/12/2022,52.710000
05/13/2022,51.220000
05/16/2022,51.890000
05/17/2022,50.340000
05/18/2022,51.890000
05/19/2022,51.160000
05/20/2022,50.720000
05/23/2022,48.630000
05/24/2022,47.040000
05/25/2022,46.760000
05/26/2022,46.030000
05/27/2022,47.920000
05/31/2022,49.820000
06/01/2022,49.140000
06/02/2022,47.800000
06/03/2022,46.230000
06/06/2022,47.900000
06/07/2022,45.880000
06/08/2022,44.370000
06/09/2022,43.870000
06/10/2022,42.920000
06/13/2022,47.560000
06/14/2022,46.630000
06/15/2022,47.040000
06/16/2022,46.270000
06/17/2022,49.190000
06/21/2022,46.560000
06/22/2022,48.990000
06/23/2022,48.580000
06/24/2022,46.990000
06/27/2022,46.990000
06/28/2022,46.590000
06/29/2022,48.570000
06/30/2022,48.900000
07/01/2022,49.400000
07/05/2022,52.610000
07/06/2022,54.670000
07/07/2022,52.870000
07/08/2022,52.100000
07/11/2022,53.100000
07/12/2022,54.400000
07/13/2022,51.760000
07/14/2022,53.030000
07/15/2022,51.770000
07/18/2022,49.660000
07/19/2022,48.770000
07/20/2022,47.540000
07/21/2022,51.100000
07/22/2022,47.840000
07/25/2022,47.960000
07/26/2022,47.810000
07/27/2022,48.990000
07/28/2022,47.170000
07/29/2022,46.190000
08/01/2022,49.970000
08/02/2022,52.770000
08/03/2022,50.120000
08/04/2022,55.140000
08/05/2022,48.760000
08/08/2022,46.400000
08/09/2022,46.230000
08/10/2022,46.560000
08/11/2022,45.370000
08/12/2022,44.000000
08/15/2022,46.630000
08/16/2022,50.250000
08/17/2022,51.550000
08/18/2022,47.410000
08/19/2022,50.340000
08/22/2022,50.640000
08/23/2022,47.350000
08/24/2022,48.330000
08/25/2022,48.780000
08/26/2022,47.080000
08/29/2022,47.730000
08/30/2022,49.740000
08/31/2022,52.110000
09/01/2022,53.900000
09/02/2022,53.900000
09/06/2022,50.000000
09/07/2022,53.320000
09/08/2022,51.290000
09/09/2022,48.840000
09/12/2022,44.150000
09/13/2022,44.810000
09/14/2022,45.620000
09/15/2022,46.630000
09/16/2022,47.440000
09/19/2022,46.750000
09/20/2022,48.230000
09/21/2022,48.650000
09/22/2022,47.100000
09/23/2022,50.820000
09/26/2022,56.680000
09/27/2022,55.890000
09/28/2022,55.020000
09/29/2022,54.410000
09/30/2022,55.690000
10/03/2022,56.240000
10/04/2022,59.510000
10/05/2022,54.200000
10/06/2022,53.390000
10/07/2022,53.640000
10/10/2022,51.420000
10/11/2022,51.920000
10/12/2022,51.520000
10/13/2022,50.520000
10/14/2022,50.300000
10/17/2022,50.270000
10/18/2022,49.120000
10/19/2022,47.780000
10/20/2022,47.980000
10/21/2022,47.190000
10/24/2022,47.780000
10/25/2022,47.300000
10/26/2022,48.580000
10/27/2022,49.020000
10/28/2022,47.810000
10/31/2022,47.410000
11/01/2022,47.040000
11/02/2022,47.750000
11/03/2022,46.470000
11/04/2022,47.500000
11/07/2022,45.110000
11/08/2022,45.040000
11/09/2022,45.380000
11/10/2022,43.480000
11/11/2022,42.060000
11/14/2022,44.420000
11/15/2022,46.720000
11/16/2022,45.120000
11/17/2022,45.340000
11/18/2022,45.930000
11/21/2022,47.110000
11/22/2022,46.300000
11/23/2022,51.560000
11/25/2022,50.160000
11/28/2022,50.530000
11/29/2022,47.910000
11/30/2022,46.150000
12/01/2022,45.610000
12/02/2022,45.760000
12/05/2022,45.410000
12/06/2022,46.360000
12/07/2022,47.910000
12/08/2022,47.170000
12/09/2022,46.930000
12/12/2022,44.990000
12/13/2022,43.370000
12/14/2022,41.820000
12/15/2022,43.700000
12/16/2022,42.290000
12/19/2022,42.470000
12/20/2022,41.790000
12/21/2022,41.180000
12/22/2022,41.800000
12/23/2022,41.210000
12/27/2022,43.500000
12/28/2022,43.950000
12/29/2022,42.600000
12/30/2022,41.260000
01/03/2023,44.140000
01/04/2023,45.830000
01/05/2023,43.930000
01/06/2023,42.940000
01/09/2023,42.750000
01/10/2023,41.600000
01/11/2023,41.190000
01/12/2023,39.280000
01/13/2023,38.190000
01/17/2023,40.100000
01/18/2023,39.250000
01/19/2023,39.020000
01/20/2023,37.810000
01/23/2023,37.300000
01/24/2023,38.260000
01/25/2023,38.540000
01/26/2023,38.120000
01/27/2023,38.600000
01/30/2023,40.180000
01/31/2023,38.550000
02/01/2023,37.990000
02/02/2023,38.490000
02/03/2023,39.480000
02/06/2023,38.920000
02/07/2023,37.310000
02/08/2023,37.020000
02/09/2023,35.750000
02/10/2023,35.890000
02/13/2023,37.770000
02/14/2023,36.670000
02/15/2023,35.700000
02/16/2023,35.030000
02/17/2023,36.040000
02/21/2023,37.050000
02/22/2023,38.360000
02/23/2023,36.690000
02/24/2023,37.250000
02/27/2023,37.550000
02/28/2023,35.420000
03/01/2023,36.630000
03/02/2023,35.610000
03/03/2023,35.200000
03/06/2023,33.030000
03/07/2023,33.760000
03/08/2023,33.390000
03/09/2023,34.860000
03/10/2023,36.760000
03/13/2023,38.130000
03/14/2023,47.410000
03/15/2023,49.780000
03/16/2023,48.650000
03/17/2023,51.480000
03/20/2023,51.140000
03/21/2023,48.120000
03/22/2023,46.970000
03/23/2023,46.900000
03/24/2023,48.360000
03/27/2023,45.410000
03/28/2023,44.310000
03/29/2023,43.330000
03/30/2023,42.020000
03/31/2023,40.340000
04/03/2023,39.490000
04/04/2023,39.420000
04/05/2023,39.140000
04/06/2023,34.760000
04/10/2023,34.310000
04/11/2023,34.230000
04/12/2023,33.740000
04/13/2023,32.780000
04/14/2023,32.510000
04/17/2023,32.930000
04/18/2023,33.690000
04/19/2023,34.440000
04/20/2023,36.410000
04/21/2023,35.170000
04/24/2023,34.280000
04/25/2023,36.640000
04/26/2023,39.250000
04/27/2023,37.760000
04/28/2023,35.630000
05/01/2023,35.940000
05/02/2023,39.480000
05/03/2023,43.230000
05/04/2023,43.750000
05/05/2023,37.350000
05/08/2023,35.540000
05/09/2023,35.130000
05/10/2023,34.130000
05/11/2023,35.740000
05/12/2023,37.320000
05/15/2023,35.160000
05/16/2023,35.980000
05/17/2023,36.440000
05/18/2023,36.020000
05/19/2023,35.850000
05/22/2023,35.520000
05/23/2023,35.110000
05/24/2023,35.860000
05/25/2023,36.740000
05/26/2023,35.950000
05/30/2023,39.680000
05/31/2023,40.680000
06/01/2023,40.500000
06/02/2023,39.600000
06/05/2023,37.450000
06/06/2023,36.070000
06/07/2023,34.130000
06/08/2023,35.180000
06/09/2023,33.700000
06/12/2023,36.350000
06/13/2023,32.380000
06/14/2023,33.660000
06/15/2023,33.070000
06/16/2023,32.990000
06/20/2023,34.750000
06/21/2023,33.260000
06/22/2023,34.930000
06/23/2023,35.360000
06/26/2023,36.670000
06/27/2023,39.300000
06/28/2023,36.860000
06/29/2023,35.420000
06/30/2023,33.280000
07/03/2023,33.880000
07/05/2023,33.910000
07/06/2023,35.130000
07/07/2023,34.550000
07/10/2023,38.350000
07/11/2023,32.430000
07/12/2023,32.690000
07/13/2023,30.040000
07/14/2023,30.000000
07/17/2023,31.340000
07/18/2023,30.660000
07/19/2023,31.060000
07/20/2023,30.150000
07/21/2023,29.650000
07/24/2023,30.110000
07/25/2023,30.630000
07/26/2023,29.970000
07/27/2023,29.120000
07/28/2023,29.410000
07/31/2023,28.480000
08/01/2023,28.350000
08/02/2023,28.740000
08/03/2023,28.540000
08/04/2023,28.060000
08/07/2023,27.730000
08/08/2023,27.140000
08/09/2023,28.560000
08/10/2023,27.270000
08/11/2023,28.040000
08/14/2023,27.550000
08/15/2023,28.300000
08/16/2023,28.540000
08/17/2023,29.300000
08/18/2023,28.430000
08/21/2023,28.900000
08/22/2023,28.560000
08/23/2023,28.470000
08/24/2023,28.880000
08/25/2023,28.810000
08/28/2023,28.660000
08/29/2023,27.630000
08/30/2023,26.630000
08/31/2023,26.560000
09/01/2023,27.480000
09/05/2023,28.650000
09/06/2023,28.330000
09/07/2023,27.590000
09/08/2023,27.160000
09/11/2023,24.370000
09/12/2023,24.230000
09/13/2023,25.060000
09/14/2023,26.560000
09/15/2023,27.160000
09/18/2023,27.910000
09/19/2023,30.320000
09/20/2023,30.380000
09/21/2023,31.350000
09/22/2023,30.610000
09/25/2023,30.960000
09/26/2023,31.300000
09/27/2023,32.480000
09/28/2023,31.620000
09/29/2023,32.240000
10/02/2023,32.000000
10/03/2023,33.250000
10/04/2023,35.350000
10/05/2023,36.590000
10/06/2023,35.680000
10/09/2023,39.850000
10/10/2023,39.540000
10/11/2023,38.940000
10/12/2023,38.520000
10/13/2023,44.240000
10/16/2023,40.700000
10/17/2023,41.370000
10/18/2023,44.400000
10/19/2023,45.700000
10/20/2023,43.790000
10/23/2023,41.740000
10/24/2023,41.080000
10/25/2023,44.910000
10/26/2023,43.930000
10/27/2023,46.640000
10/30/2023,44.010000
10/31/2023,41.990000
11/01/2023,40.520000
11/02/2023,39.790000
11/03/2023,38.530000
11/06/2023,36.310000
11/07/2023,38.720000
11/08/2023,40.440000
11/09/2023,41.230000
11/10/2023,39.290000
11/13/2023,39.400000
11/14/2023,38.290000
11/15/2023,39.510000
11/16/2023,42.530000
11/17/2023,40.430000
11/20/2023,39.000000
11/21/2023,38.520000
11/22/2023,42.760000
11/24/2023,43.380000
11/27/2023,43.900000
11/28/2023,43.140000
11/29/2023,42.900000
11/30/2023,39.400000
12/01/2023,35.700000
12/04/2023,38.080000
12/05/2023,36.360000
12/06/2023,39.720000
12/07/2023,37.820000
12/08/2023,36.240000
12/11/2023,35.300000
12/12/2023,36.380000
12/13/2023,36.600000
12/14/2023,33.980000
12/15/2023,35.130000
12/18/2023,37.090000
12/19/2023,35.040000
12/20/2023,34.980000
12/21/2023,35.440000
12/22/2023,33.320000
12/26/2023,34.530000
12/27/2023,35.410000
12/28/2023,36.450000
12/29/2023,36.220000
01/02/2024,39.050000
01/03/2024,38.220000
01/04/2024,37.580000
01/05/2024,36.070000
01/08/2024,36.790000
01/09/2024,36.090000
01/10/2024,36.350000
01/11/2024,36.780000
01/12/2024,40.640000
01/16/2024,38.340000
01/17/2024,37.060000
01/18/2024,35.980000
01/19/2024,35.790000
01/22/2024,35.710000
01/23/2024,34.990000
01/24/2024,33.990000
01/25/2024,35.100000
01/26/2024,34.780000
01/29/2024,36.320000
01/30/2024,36.190000
01/31/2024,37.250000
02/01/2024,35.380000
02/02/2024,34.850000
02/05/2024,34.430000
02/06/2024,33.010000
02/07/2024,31.210000
02/08/2024,31.640000
02/09/2024,32.440000
02/12/2024,32.690000
02/13/2024,32.370000
02/14/2024,32.760000
02/15/2024,32.020000
02/16/2024,30.840000
02/20/2024,31.810000
02/21/2024,31.050000
02/22/2024,30.550000
02/23/2024,31.310000
02/26/2024,31.710000
02/27/2024,31.350000
02/28/2024,31.210000
02/29/2024,31.500000
03/01/2024,31.080000
03/04/2024,30.470000
03/05/2024,30.190000
03/06/2024,29.570000
03/07/2024,29.570000
03/08/2024,29.640000
03/11/2024,29.110000
03/12/2024,29.360000
03/13/2024,29.520000
03/14/2024,31.510000
03/15/2024,29.770000
03/18/2024,29.810000
03/19/2024,29.220000
03/20/2024,28.820000
03/21/2024,27.530000
03/22/2024,26.920000
03/25/2024,27.490000
03/26/2024,27.250000
03/27/2024,26.600000
03/28/2024,26.270000
04/01/2024,27.650000
04/02/2024,29.040000
04/03/2024,29.080000
04/04/2024,32.170000
04/05/2024,32.360000
04/08/2024,30.570000
04/09/2024,28.960000
04/10/2024,30.080000
04/11/2024,31.270000
04/12/2024,32.190000
04/15/2024,35.590000
04/16/2024,33.610000
04/17/2024,33.000000
04/18/2024,31.400000
04/19/2024,31.860000
04/22/2024,29.700000
04/23/2024,28.860000
04/24/2024,29.040000
04/25/2024,28.340000
04/26/2024,27.810000
04/29/2024,27.840000
04/30/2024,27.870000
05/01/2024,28.700000
05/02/2024,27.650000
05/03/2024,28.090000
05/06/2024,28.580000
05/07/2024,27.830000
05/08/2024,27.910000
05/09/2024,27.950000
05/10/2024,27.880000
05/13/2024,28.040000
05/14/2024,28.010000
05/15/2024,28.070000
05/16/2024,27.080000
05/17/2024,28.060000
05/20/2024,27.890000
05/21/2024,27.380000
05/22/2024,27.710000
05/23/2024,28.660000
05/24/2024,27.560000
05/28/2024,27.530000
05/29/2024,26.770000
05/30/2024,29.240000
05/31/2024,30.340000
06/03/2024,30.840000
06/04/2024,30.590000
06/05/2024,29.180000
06/06/2024,27.710000
06/07/2024,26.420000
06/10/2024,25.690000
06/11/2024,25.540000
06/12/2024,24.800000
06/13/2024,24.450000
06/14/2024,24.710000
06/17/2024,24.170000
06/18/2024,23.730000
06/20/2024,24.230000
06/21/2024,24.740000
06/24/2024,25.420000
06/25/2024,25.750000
06/26/2024,26.240000
06/27/2024,26.280000
06/28/2024,26.540000
07/01/2024,27.290000
07/02/2024,25.820000
07/03/2024,24.620000
07/05/2024,23.780000
07/08/2024,23.810000
07/09/2024,24.190000
07/10/2024,24.010000
07/11/2024,24.010000
07/12/2024,24.120000
07/15/2024,23.830000
07/16/2024,24.410000
07/17/2024,25.280000
07/18/2024,25.680000
07/19/2024,26.830000
07/22/2024,26.830000
07/23/2024,26.740000
07/24/2024,26.850000
07/25/2024,26.490000
07/26/2024,29.770000
07/29/2024,30.820000
07/30/2024,31.490000
07/31/2024,33.690000
08/01/2024,33.420000
08/02/2024,38.830000
08/05/2024,43.630000
08/06/2024,40.420000
08/07/2024,38.010000
08/08/2024,34.770000
08/09/2024,33.370000
08/12/2024,35.170000
08/13/2024,33.260000
08/14/2024,31.510000
08/15/2024,31.140000
08/16/2024,31.000000
08/19/2024,32.030000
08/20/2024,32.050000
08/21/2024,32.700000
08/22/2024,31.730000
08/23/2024,30.540000
08/26/2024,30.990000
08/27/2024,31.250000
08/28/2024,32.120000
08/29/2024,31.810000
08/30/2024,33.360000
09/03/2024,35.360000
09/04/2024,37.950000
09/05/2024,36.610000
09/06/2024,37.580000
09/09/2024,37.000000
09/10/2024,40.230000
09/11/2024,37.760000
09/12/2024,36.070000
09/13/2024,35.220000
09/16/2024,34.710000
09/17/2024,35.290000
09/18/2024,36.190000
09/19/2024,33.720000
09/20/2024,32.220000
09/23/2024,34.390000
09/24/2024,33.760000
09/25/2024,34.400000
09/26/2024,39.760000
09/27/2024,39.620000
09/30/2024,39.860000
10/01/2024,42.870000
10/02/2024,46.520000
10/03/2024,54.500000
10/04/2024,46.370000
10/07/2024,48.320000
10/08/2024,52.350000
10/09/2024,48.800000
10/10/2024,52.360000
10/11/2024,52.680000
10/14/2024,51.620000
10/15/2024,48.640000
10/16/2024,47.840000
10/17/2024,46.880000
10/18/2024,47.220000
10/21/2024,46.820000
10/22/2024,47.690000
10/23/2024,47.780000
10/24/2024,46.660000
10/25/2024,48.970000
10/28/2024,42.960000
10/29/2024,42.470000
10/30/2024,41.130000
10/31/2024,48.790000
11/01/2024,44.140000
11/04/2024,45.750000
11/05/2024,45.610000
11/06/2024,44.740000
11/07/2024,42.550000
11/08/2024,38.760000
11/11/2024,37.740000
11/12/2024,34.320000
11/13/2024,37.120000
11/14/2024,30.900000
11/15/2024,35.070000
11/18/2024,36.890000
11/19/2024,37.280000
11/20/2024,36.740000
11/21/2024,36.910000
11/22/2024,35.740000
11/25/2024,37.440000
11/26/2024,38.740000
11/27/2024,37.000000
11/29/2024,34.950000
12/02/2024,34.710000
12/03/2024,34.550000
12/04/2024,33.820000
12/05/2024,29.450000
12/06/2024,30.980000
12/09/2024,27.700000
12/10/2024,28.610000
12/11/2024,31.990000
12/12/2024,33.640000
12/13/2024,34.920000
12/16/2024,33.410000
12/17/2024,30.710000
12/18/2024,32.600000
12/19/2024,30.500000
12/20/2024,29.270000
12/23/2024,30.160000
12/24/2024,30.350000
12/26/2024,30.010000
12/27/2024,30.210000
12/30/2024,30.770000
12/31/2024,30.020000
01/02/2025,29.540000
01/03/2025,29.980000
01/06/2025,29.310000
01/07/2025,31.090000
01/08/2025,31.560000
01/10/2025,33.910000
01/13/2025,33.980000
01/14/2025,33.510000
01/15/2025,32.930000
01/16/2025,33.130000
01/17/2025,33.520000
01/21/2025,35.100000
01/22/2025,34.680000
01/23/2025,34.180000
01/24/2025,29.980000
01/27/2025,35.980000
01/28/2025,31.950000
01/29/2025,33.020000
01/30/2025,31.050000
01/31/2025,29.960000
02/03/2025,35.300000
02/04/2025,33.620000
02/05/2025,34.250000
02/06/2025,36.250000
02/07/2025,29.660000
02/10/2025,32.090000
02/11/2025,29.760000
02/12/2025,31.790000
02/13/2025,31.470000
02/14/2025,28.460000
02/18/2025,27.470000
02/19/2025,28.360000
02/20/2025,29.300000
02/21/2025,35.790000
02/24/2025,31.300000
02/25/2025,32.770000
02/26/2025,33.360000
02/27/2025,31.720000
02/28/2025,29.970000
03/03/2025,38.520000
03/04/2025,37.520000
03/05/2025,35.040000
03/06/2025,37.140000
03/07/2025,29.750000
03/10/2025,34.820000
03/11/2025,31.830000
03/12/2025,31.090000
03/13/2025,32.800000
03/14/2025,33.520000
03/17/2025,30.900000
03/18/2025,36.120000
03/19/2025,33.870000
03/20/2025,29.720000
03/21/2025,28.430000
03/24/2025,29.670000
03/25/2025,28.270000
03/26/2025,28.840000
03/27/2025,28.490000
03/28/2025,28.700000
03/31/2025,30.880000
04/01/2025,30.570000
04/02/2025,29.980000
04/03/2025,35.450000
04/04/2025,44.720000
04/07/2025,52.810000
04/08/2025,55.260000
04/09/2025,42.900000
04/10/2025,49.000000
04/11/2025,50.880000
04/14/2025,47.760000
04/15/2025,42.310000
04/16/2025,43.560000
04/17/2025,41.270000
04/21/2025,41.210000
04/22/2025,43.150000
04/23/2025,43.560000
04/24/2025,44.370000
04/25/2025,43.530000
04/28/2025,43.550000
04/29/2025,48.410000
04/30/2025,54.460000
05/01/2025,51.960000
05/02/2025,50.590000
05/05/2025,42.580000
05/06/2025,42.140000
05/07/2025,42.660000
05/08/2025,40.600000
05/09/2025,39.820000
05/12/2025,37.500000
05/13/2025,36.710000
05/14/2025,36.720000
05/15/2025,37.400000
05/16/2025,37.880000
05/19/2025,38.000000
05/20/2025,34.620000
05/21/2025,39.120000
05/22/2025,41.440000
05/23/2025,43.130000
05/27/2025,41.940000
05/28/2025,40.420000
05/29/2025,40.260000
05/30/2025,40.710000
06/02/2025,38.700000
06/03/2025,37.750000
06/04/2025,37.700000
06/05/2025,34.890000
06/06/2025,35.720000
06/09/2025,34.420000
06/10/2025,35.050000
06/11/2025,43.240000
06/12/2025,45.370000
06/13/2025,57.230000
06/16/2025,56.600000
06/17/2025,71.560000
06/18/2025,66.860000
06/20/2025,64.670000
06/23/2025,53.650000
06/24/2025,48.800000
06/25/2025,42.750000
06/26/2025,41.860000
06/27/2025,41.230000
06/30/2025,38.890000
07/01/2025,38.000000
07/02/2025,40.240000
07/03/2025,37.750000
07/07/2025,41.230000
07/08/2025,35.710000
07/09/2025,34.170000
07/10/2025,32.800000
07/11/2025,37.060000
07/14/2025,33.530000
07/15/2025,34.380000
07/16/2025,33.160000
07/17/2025,32.840000
07/18/2025,32.170000
07/21/2025,31.380000
07/22/2025,32.260000
07/23/2025,32.390000
07/24/2025,32.370000
07/25/2025,32.880000
07/28/2025,35.370000
07/29/2025,38.040000
07/30/2025,37.750000
07/31/2025,36.780000
08/01/2025,39.370000
08/04/2025,38.790000
08/05/2025,35.300000
08/06/2025,36.670000
08/07/2025,35.010000
08/08/2025,34.060000
08/11/2025,31.400000
08/12/2025,30.310000
08/13/2025,33.820000
08/14/2025,35.960000
08/15/2025,37.220000
08/18/2025,32.150000
08/19/2025,33.040000
08/20/2025,32.510000
08/21/2025,31.540000
08/22/2025,30.350000
08/25/2025,31.240000
08/26/2025,33.730000
08/27/2025,31.940000
08/28/2025,33.980000
08/29/2025,32.630000
09/02/2025,34.280000
09/03/2025,35.220000
09/04/2025,35.030000
09/05/2025,33.330000
09/08/2025,35.030000
09/09/2025,33.440000
09/10/2025,33.350000
09/11/2025,33.960000
09/12/2025,31.770000
09/15/2025,30.980000
09/16/2025,33.170000
09/17/2025,31.050000
09/18/2025,31.880000
09/19/2025,30.530000
09/22/2025,30.880000
09/23/2025,32.580000
09/24/2025,34.080000
09/25/2025,36.850000
09/26/2025,35.850000
09/29/2025,35.540000
09/30/2025,35.580000
10/01/2025,36.390000
10/02/2025,37.620000
10/03/2025,36.500000
10/06/2025,32.440000
10/07/2025,31.820000
10/08/2025,31.530000
10/09/2025,32.480000
10/10/2025,37.730000
10/13/2025,35.920000
10/14/2025,37.900000
10/15/2025,36.620000
10/16/2025,38.260000
10/17/2025,37.240000
10/20/2025,36.770000
10/21/2025,35.870000
10/22/2025,38.090000
10/23/2025,40.460000
10/24/2025,38.700000
10/27/2025,38.960000
10/28/2025,37.180000
10/29/2025,37.140000
10/30/2025,34.740000
10/31/2025,36.200000
11/03/2025,34.310000
11/04/2025,34.270000
11/05/2025,33.690000
11/06/2025,33.760000
11/07/2025,33.330000
11/10/2025,32.120000
11/11/2025,32.020000
11/12/2025,33.000000
11/13/2025,32.630000
11/14/2025,33.120000
11/17/2025,32.380000
11/18/2025,33.330000
11/19/2025,34.120000
11/20/2025,36.380000
11/21/2025,35.970000
11/24/2025,36.300000
11/25/2025,37.570000
11/26/2025,35.700000
11/28/2025,35.950000
12/01/2025,35.820000
12/02/2025,35.890000
12/03/2025,33.720000
12/04/2025,33.300000
12/05/2025,32.060000
12/08/2025,33.030000
12/09/2025,30.820000
12/10/2025,30.780000
12/11/2025,31.880000
12/12/2025,29.930000
12/15/2025,32.850000
12/16/2025,36.230000
12/17/2025,36.740000
12/18/2025,33.600000
12/19/2025,33.620000
12/22/2025,33.030000
12/23/2025,33.020000
12/24/2025,31.710000
12/26/2025,32.220000
12/29/2025,32.160000
12/30/2025,30.760000
12/31/2025,30.170000
01/02/2026,28.400000
01/05/2026,29.410000
01/06/2026,30.060000
01/07/2026,32.980000
01/08/2026,35.800000
01/09/2026,36.800000
01/12/2026,38.850000
01/13/2026,40.430000
01/14/2026,44.190000
01/15/2026,42.060000
01/16/2026,43.190000
01/20/2026,42.780000
01/21/2026,45.450000
01/22/2026,44.700000
01/23/2026,47.640000
01/26/2026,47.780000
01/27/2026,49.610000
01/28/2026,50.390000
01/29/2026,55.370000
01/30/2026,55.910000
02/02/2026,48.700000
02/03/2026,52.340000
02/04/2026,55.130000
02/05/2026,54.970000
02/06/2026,53.180000
02/09/2026,50.790000
02/10/2026,48.020000
02/11/2026,44.330000
02/12/2026,42.000000
02/13/2026,42.180000
02/17/2026,42.540000
02/18/2026,51.490000
02/19/2026,56.730000
02/20/2026,56.120000
02/23/2026,59.050000
02/24/2026,58.820000
02/25/2026,58.970000
02/26/2026,59.800000
02/27/2026,64.680000
03/02/2026,68.900000
03/03/2026,73.990000
03/04/2026,75.200000
03/05/2026,83.830000
03/06/2026,103.600000
03/09/2026,100.530000
03/10/2026,108.190000
03/11/2026,120.910000
03/12/2026,120.220000
03/13/2026,119.020000
03/16/2026,101.970000
03/17/2026,95.920000
03/18/2026,97.280000
03/19/2026,92.680000
03/20/2026,91.850000
03/23/2026,89.780000
03/24/2026,89.340000
03/25/2026,90.160000
03/26/2026,92.370000
03/27/2026,96.640000
03/30/2026,95.840000
03/31/2026,89.390000
04/01/2026,91.800000
04/02/2026,93.140000
04/06/2026,96.140000
04/07/2026,98.790000
04/08/2026,83.910000
04/09/2026,81.740000
04/10/2026,78.010000
04/13/2026,80.550000
04/14/2026,75.350000
04/15/2026,72.230000
04/16/2026,73.040000
04/17/2026,69.010000
04/20/2026,73.790000
04/21/2026,85.570000
04/22/2026,76.770000
04/23/2026,78.670000
04/24/2026,75.830000
04/27/2026,73.110000
04/28/2026,70.500000
04/29/2026,75.960000
04/30/2026,75.080000
05/01/2026,75.400000
05/04/2026,78.630000
05/05/2026,74.730000
05/06/2026,72.340000
05/07/2026,72.250000
05/08/2026,72.150000
05/11/2026,75.660000
05/12/2026,75.690000
05/13/2026,70.940000
05/14/2026,68.920000
05/15/2026,72.350000
05/18/2026,72.070000
05/19/2026,72.890000
05/20/2026,72.770000
05/21/2026,73.540000
05/22/2026,75.970000
05/26/2026,65.060000
05/27/2026,59.970000
05/28/2026,58.300000
05/29/2026,57.840000
06/01/2026,61.240000
06/02/2026,59.530000
06/03/2026,60.520000
06/04/2026,59.790000
06/05/2026,57.750000
06/08/2026,58.360000
06/09/2026,57.630000
06/10/2026,60.280000
06/11/2026,56.300000
06/12/2026,54.100000
06/15/2026,47.750000
